GEOID,District0
36001000100,85.0
36001000201,85.0
36001000202,85.0
36001000301,85.0
36001000302,85.0
36001000401,85.0
36001000403,85.0
36001000404,85.0
36001000501,85.0
36001000502,85.0
36001000600,85.0
36001000700,85.0
36001000800,85.0
36001001100,85.0
36001001400,85.0
36001001500,85.0
36001001600,85.0
36001001700,85.0
36001001802,85.0
36001001803,85.0
36001001804,85.0
36001001901,85.0
36001001902,85.0
36001002000,85.0
36001002100,85.0
36001002200,100.0
36001002300,100.0
36001002500,100.0
36001002600,100.0
36001012700,85.0
36001012800,85.0
36001012900,85.0
36001013000,85.0
36001013100,85.0
36001013200,85.0
36001013300,85.0
36001013400,85.0
36001013503,85.0
36001013505,85.0
36001013507,85.0
36001013509,85.0
36001013510,85.0
36001013511,85.0
36001013512,85.0
36001013602,85.0
36001013603,85.0
36001013604,85.0
36001013703,85.0
36001013706,85.0
36001013707,85.0
36001013708,85.0
36001013709,85.0
36001013802,85.0
36001013803,85.0
36001013804,85.0
36001013901,85.0
36001013902,85.0
36001014001,85.0
36001014002,85.0
36001014100,85.0
36001014201,85.0
36001014202,85.0
36001014203,85.0
36001014301,100.0
36001014303,85.0
36001014304,100.0
36001014401,100.0
36001014402,100.0
36001014501,85.0
36001014502,100.0
36001014503,85.0
36001014606,85.0
36001014608,85.0
36001014609,85.0
36001014611,85.0
36001014612,85.0
36001014613,85.0
36001014614,85.0
36001014615,85.0
36001014616,85.0
36001014617,85.0
36001014700,100.0
36001014801,100.0
36001014802,100.0
36001014803,100.0
36003940200,79.0
36003950100,101.0
36003950300,79.0
36003950401,79.0
36003950402,79.0
36003950500,79.0
36003950600,79.0
36003950700,101.0
36003950800,79.0
36003950900,101.0
36003951000,101.0
36003951100,101.0
36003951201,101.0
36003951202,101.0
36003951301,79.0
36003951302,79.0
36005000100,3.0
36005000200,3.0
36005000400,3.0
36005001600,3.0
36005001901,3.0
36005001902,3.0
36005001903,3.0
36005001904,3.0
36005002001,3.0
36005002002,3.0
36005002300,94.0
36005002400,3.0
36005002500,3.0
36005002701,3.0
36005002702,3.0
36005002800,3.0
36005003100,3.0
36005003300,3.0
36005003500,3.0
36005003700,3.0
36005003800,3.0
36005003900,94.0
36005004001,3.0
36005004100,94.0
36005004200,3.0
36005004300,94.0
36005004400,3.0
36005004600,3.0
36005004800,3.0
36005005001,3.0
36005005002,3.0
36005005100,94.0
36005005200,94.0
36005005300,95.0
36005005400,94.0
36005005600,94.0
36005005902,95.0
36005006000,94.0
36005006100,95.0
36005006200,94.0
36005006301,95.0
36005006302,95.0
36005006400,3.0
36005006500,95.0
36005006700,95.0
36005006800,3.0
36005006900,94.0
36005007000,3.0
36005007100,94.0
36005007200,3.0
36005007300,3.0
36005007400,3.0
36005007500,3.0
36005007600,3.0
36005007700,3.0
36005007800,3.0
36005007900,3.0
36005008300,3.0
36005008400,3.0
36005008500,3.0
36005008600,3.0
36005008700,3.0
36005008900,3.0
36005009000,3.0
36005009200,3.0
36005009301,3.0
36005009302,3.0
36005009600,3.0
36005009800,3.0
36005011000,3.0
36005011502,3.0
36005011701,3.0
36005011702,3.0
36005011800,17.0
36005011900,94.0
36005012101,94.0
36005012102,94.0
36005012300,94.0
36005012500,94.0
36005012701,94.0
36005012901,3.0
36005013000,17.0
36005013100,94.0
36005013200,3.0
36005013300,94.0
36005013500,94.0
36005013800,17.0
36005014100,94.0
36005014300,95.0
36005014400,3.0
36005014500,94.0
36005014701,94.0
36005014702,94.0
36005014900,94.0
36005015100,94.0
36005015200,17.0
36005015300,94.0
36005015500,94.0
36005015700,94.0
36005015800,17.0
36005015900,94.0
36005016000,17.0
36005016100,94.0
36005016200,17.0
36005016300,94.0
36005016400,17.0
36005016500,94.0
36005016600,17.0
36005016700,94.0
36005016900,94.0
36005017100,94.0
36005017300,95.0
36005017500,95.0
36005017701,95.0
36005017702,94.0
36005017901,95.0
36005017902,95.0
36005018101,95.0
36005018102,95.0
36005018301,95.0
36005018302,95.0
36005018400,17.0
36005018501,94.0
36005018502,94.0
36005018900,95.0
36005019300,95.0
36005019400,3.0
36005019500,95.0
36005019700,95.0
36005019900,95.0
36005020000,3.0
36005020100,95.0
36005020200,3.0
36005020400,3.0
36005020501,95.0
36005020502,95.0
36005020601,3.0
36005020900,95.0
36005021001,3.0
36005021002,3.0
36005021100,95.0
36005021200,3.0
36005021301,95.0
36005021302,95.0
36005021501,95.0
36005021502,95.0
36005021601,94.0
36005021602,3.0
36005021700,95.0
36005021800,94.0
36005021900,95.0
36005022000,94.0
36005022101,95.0
36005022102,95.0
36005022200,3.0
36005022300,95.0
36005022401,91.0
36005022403,3.0
36005022404,91.0
36005022500,95.0
36005022701,95.0
36005022702,95.0
36005022703,95.0
36005022800,91.0
36005022901,95.0
36005022902,95.0
36005023000,91.0
36005023100,95.0
36005023200,91.0
36005023301,95.0
36005023302,95.0
36005023501,95.0
36005023502,95.0
36005023600,94.0
36005023702,91.0
36005023703,91.0
36005023704,95.0
36005023800,3.0
36005023900,91.0
36005024000,94.0
36005024100,95.0
36005024300,95.0
36005024400,3.0
36005024501,95.0
36005024502,95.0
36005024600,3.0
36005024700,95.0
36005024800,3.0
36005024900,95.0
36005025000,3.0
36005025100,95.0
36005025200,3.0
36005025300,95.0
36005025400,3.0
36005025500,91.0
36005025600,3.0
36005025700,95.0
36005026100,91.0
36005026300,91.0
36005026400,3.0
36005026500,91.0
36005026601,3.0
36005026602,3.0
36005026701,91.0
36005026702,91.0
36005026900,91.0
36005027300,91.0
36005027401,3.0
36005027402,17.0
36005027600,17.0
36005027700,91.0
36005027900,91.0
36005028100,91.0
36005028300,91.0
36005028400,3.0
36005028500,91.0
36005028600,3.0
36005028700,91.0
36005028800,3.0
36005028900,91.0
36005029301,91.0
36005029302,91.0
36005029500,91.0
36005029600,3.0
36005029700,91.0
36005030000,3.0
36005030100,91.0
36005030201,17.0
36005030202,17.0
36005030701,91.0
36005030900,91.0
36005031000,3.0
36005031200,3.0
36005031400,3.0
36005031600,3.0
36005031800,3.0
36005031900,91.0
36005032300,91.0
36005032400,3.0
36005032600,3.0
36005032800,3.0
36005033000,91.0
36005033201,91.0
36005033202,91.0
36005033400,91.0
36005033500,91.0
36005033601,91.0
36005033602,91.0
36005033700,91.0
36005033801,91.0
36005033802,91.0
36005034000,3.0
36005034200,3.0
36005034300,91.0
36005034400,3.0
36005034500,91.0
36005034800,3.0
36005035000,3.0
36005035100,91.0
36005035600,17.0
36005035800,3.0
36005035900,94.0
36005036000,3.0
36005036100,94.0
36005036300,94.0
36005036400,3.0
36005036501,94.0
36005036502,94.0
36005036700,94.0
36005036800,91.0
36005036901,94.0
36005036902,94.0
36005037000,3.0
36005037100,94.0
36005037200,91.0
36005037300,94.0
36005037400,91.0
36005037504,94.0
36005037600,91.0
36005037800,91.0
36005037900,94.0
36005038000,91.0
36005038100,94.0
36005038200,3.0
36005038301,95.0
36005038303,95.0
36005038304,91.0
36005038500,94.0
36005038600,3.0
36005038700,91.0
36005038800,3.0
36005038900,91.0
36005039000,91.0
36005039100,94.0
36005039200,91.0
36005039300,94.0
36005039400,91.0
36005039500,94.0
36005039600,91.0
36005039700,91.0
36005039800,3.0
36005039901,91.0
36005039902,91.0
36005040100,91.0
36005040302,91.0
36005040303,91.0
36005040304,91.0
36005040400,17.0
36005040501,91.0
36005040502,91.0
36005040600,91.0
36005040701,91.0
36005040702,91.0
36005040800,91.0
36005040900,91.0
36005041100,91.0
36005041300,91.0
36005041400,91.0
36005041500,91.0
36005041800,91.0
36005041900,91.0
36005042000,91.0
36005042100,91.0
36005042200,91.0
36005042300,91.0
36005042400,17.0
36005042500,91.0
36005042600,17.0
36005042800,17.0
36005042901,91.0
36005042902,91.0
36005043000,17.0
36005043101,91.0
36005043102,91.0
36005043400,91.0
36005043501,91.0
36005043502,91.0
36005043503,91.0
36005043600,91.0
36005044200,91.0
36005044400,91.0
36005044800,17.0
36005044901,91.0
36005044902,91.0
36005045101,91.0
36005045102,91.0
36005045600,17.0
36005045800,3.0
36005046000,17.0
36005046203,17.0
36005046204,17.0
36005046205,17.0
36005046206,17.0
36005046207,17.0
36005046208,17.0
36005046209,17.0
36005048401,17.0
36005048402,17.0
36005050400,17.0
36005051601,17.0
36005051602,17.0
36007000100,100.0
36007000200,100.0
36007000300,100.0
36007000400,100.0
36007000500,100.0
36007000600,100.0
36007000700,100.0
36007000900,100.0
36007001100,100.0
36007001200,100.0
36007001300,100.0
36007001401,100.0
36007001402,100.0
36007001500,100.0
36007001600,100.0
36007001700,100.0
36007001800,100.0
36007010200,100.0
36007011901,100.0
36007011902,100.0
36007011903,100.0
36007012000,100.0
36007012101,100.0
36007012102,100.0
36007012103,100.0
36007012201,100.0
36007012202,100.0
36007012300,100.0
36007012400,100.0
36007012501,100.0
36007012502,100.0
36007012600,100.0
36007012701,100.0
36007012702,100.0
36007012800,100.0
36007012900,100.0
36007013000,100.0
36007013100,100.0
36007013201,100.0
36007013202,100.0
36007013301,100.0
36007013303,100.0
36007013304,100.0
36007013400,100.0
36007013500,100.0
36007013600,100.0
36007013700,100.0
36007013800,100.0
36007013900,100.0
36007014000,100.0
36007014100,100.0
36007014200,100.0
36007014301,100.0
36007014302,100.0
36007014400,100.0
36007014500,100.0
36007014600,100.0
36009940000,79.0
36009940200,79.0
36009940301,79.0
36009940302,79.0
36009960100,79.0
36009960200,79.0
36009960300,79.0
36009960400,79.0
36009960500,79.0
36009960600,79.0
36009960703,79.0
36009960704,79.0
36009960800,79.0
36009961000,79.0
36009961100,79.0
36009961200,79.0
36009961301,79.0
36009961302,79.0
36009961400,79.0
36009961500,79.0
36009961600,79.0
36009961700,79.0
36009961800,79.0
36009962200,79.0
36011040101,84.0
36011040102,84.0
36011040201,84.0
36011040202,84.0
36011040300,84.0
36011040400,101.0
36011040500,101.0
36011040600,101.0
36011040700,101.0
36011040800,101.0
36011040900,101.0
36011041001,101.0
36011041002,101.0
36011041101,101.0
36011041102,101.0
36011041201,101.0
36011041202,101.0
36011041300,101.0
36011041400,101.0
36011041500,101.0
36011041600,101.0
36011041700,101.0
36011041800,101.0
36011042100,101.0
36013030100,79.0
36013030200,79.0
36013030300,79.0
36013030400,79.0
36013030500,79.0
36013030600,79.0
36013030700,79.0
36013030800,79.0
36013035100,79.0
36013035300,79.0
36013035400,79.0
36013035500,79.0
36013035600,79.0
36013035700,79.0
36013035800,79.0
36013035901,79.0
36013035902,79.0
36013036000,79.0
36013036100,79.0
36013036300,79.0
36013036401,79.0
36013036402,79.0
36013036500,79.0
36013036600,79.0
36013036700,79.0
36013036801,79.0
36013036802,79.0
36013036901,79.0
36013036902,79.0
36013037000,79.0
36013037100,79.0
36013037200,79.0
36013037300,79.0
36013037400,79.0
36013037500,79.0
36013037600,79.0
36015000100,100.0
36015000200,101.0
36015000300,101.0
36015000400,101.0
36015000500,100.0
36015000600,100.0
36015000700,100.0
36015000900,100.0
36015001000,100.0
36015001100,100.0
36015010100,100.0
36015010200,101.0
36015010301,101.0
36015010302,101.0
36015010400,101.0
36015010500,101.0
36015010600,101.0
36015010701,101.0
36015010702,101.0
36015010800,101.0
36015010900,101.0
36015011000,100.0
36015011101,100.0
36015011102,100.0
36015011200,100.0
36017970101,100.0
36017970102,100.0
36017970201,100.0
36017970202,100.0
36017970300,100.0
36017970400,100.0
36017970501,100.0
36017970502,100.0
36017970601,100.0
36017970602,100.0
36017970700,100.0
36017970801,100.0
36017970802,100.0
36017970901,100.0
36017970902,100.0
36017971000,100.0
36019100101,83.0
36019100102,83.0
36019100200,83.0
36019100600,83.0
36019100700,83.0
36019100800,83.0
36019100901,83.0
36019100902,83.0
36019101000,83.0
36019101600,83.0
36019101901,83.0
36019101902,83.0
36019102100,83.0
36019102200,83.0
36019102800,83.0
36019103000,83.0
36019103100,83.0
36019103200,83.0
36019103512,83.0
36019103800,83.0
36019103900,83.0
36019104200,83.0
36021000100,85.0
36021000200,86.0
36021000300,85.0
36021000401,86.0
36021000402,100.0
36021000500,100.0
36021000600,100.0
36021000700,86.0
36021000800,86.0
36021000900,86.0
36021001000,86.0
36021001100,86.0
36021001200,100.0
36021001300,100.0
36021001400,86.0
36021001500,86.0
36021001600,86.0
36021001700,86.0
36021001800,86.0
36021001900,86.0
36021002000,86.0
36023970100,100.0
36023970201,101.0
36023970202,101.0
36023970300,100.0
36023970400,100.0
36023970500,100.0
36023970600,100.0
36023970700,100.0
36023970800,100.0
36023970900,100.0
36023971000,100.0
36023971100,100.0
36023971200,100.0
36025970101,100.0
36025970102,100.0
36025970200,100.0
36025970300,100.0
36025970401,100.0
36025970402,100.0
36025970501,100.0
36025970502,100.0
36025970601,100.0
36025970602,100.0
36025970700,100.0
36025970800,100.0
36025970900,100.0
36025971000,100.0
36025971100,100.0
36025971200,100.0
36025971300,100.0
36025971400,100.0
36027010000,17.0
36027020003,90.0
36027020004,90.0
36027020005,90.0
36027030000,86.0
36027040001,17.0
36027040003,17.0
36027050102,86.0
36027050103,90.0
36027050104,90.0
36027050203,90.0
36027050204,90.0
36027050205,90.0
36027060100,86.0
36027060201,90.0
36027060202,90.0
36027060301,90.0
36027060302,90.0
36027060400,90.0
36027070101,86.0
36027070102,86.0
36027070201,86.0
36027070301,86.0
36027070401,86.0
36027080103,86.0
36027080104,86.0
36027080201,86.0
36027080202,86.0
36027090000,86.0
36027100000,17.0
36027110003,17.0
36027110004,17.0
36027110005,17.0
36027120000,86.0
36027130003,86.0
36027130004,86.0
36027130005,86.0
36027140101,86.0
36027140201,86.0
36027140202,86.0
36027140301,86.0
36027140302,86.0
36027140400,86.0
36027140500,86.0
36027140602,86.0
36027140700,86.0
36027140801,86.0
36027150003,86.0
36027150004,86.0
36027150005,86.0
36027150006,86.0
36027160003,86.0
36027160004,86.0
36027160005,86.0
36027170000,86.0
36027180001,90.0
36027190101,86.0
36027190102,86.0
36027190203,86.0
36027190204,86.0
36027190301,86.0
36027190401,86.0
36027190402,86.0
36027200001,86.0
36027200002,86.0
36027210101,90.0
36027210201,90.0
36027210301,90.0
36027220101,86.0
36027220102,86.0
36027220201,86.0
36027220300,86.0
36027220700,86.0
36027220801,86.0
36027220901,86.0
36027221001,86.0
36027221100,86.0
36027300000,86.0
36027410000,86.0
36027610000,90.0
36027640001,86.0
36027640002,90.0
36029000110,77.0
36029000200,77.0
36029000500,77.0
36029000600,77.0
36029000700,77.0
36029000800,77.0
36029000900,77.0
36029001000,77.0
36029001100,77.0
36029001403,77.0
36029001404,77.0
36029001500,77.0
36029001601,77.0
36029001602,77.0
36029001700,77.0
36029001900,77.0
36029002300,77.0
36029002400,77.0
36029002502,77.0
36029002703,77.0
36029002704,77.0
36029002801,77.0
36029002802,77.0
36029002900,77.0
36029003000,77.0
36029003100,77.0
36029003301,77.0
36029003302,77.0
36029003400,77.0
36029003501,77.0
36029003502,77.0
36029003600,77.0
36029003700,77.0
36029003800,77.0
36029003901,77.0
36029004002,77.0
36029004003,77.0
36029004100,77.0
36029004200,77.0
36029004300,77.0
36029004401,77.0
36029004402,77.0
36029004500,77.0
36029004601,77.0
36029004701,77.0
36029004702,77.0
36029004800,77.0
36029004901,77.0
36029004902,77.0
36029005000,77.0
36029005100,77.0
36029005201,77.0
36029005202,77.0
36029005300,77.0
36029005400,77.0
36029005500,77.0
36029005600,77.0
36029005700,77.0
36029005801,77.0
36029005802,77.0
36029005900,77.0
36029006100,77.0
36029006301,77.0
36029006302,77.0
36029006501,77.0
36029006601,77.0
36029006602,77.0
36029006701,77.0
36029006702,77.0
36029006801,77.0
36029006802,77.0
36029006901,77.0
36029006903,77.0
36029006904,77.0
36029007000,77.0
36029007102,77.0
36029007103,77.0
36029007104,77.0
36029007202,77.0
36029007303,77.0
36029007304,77.0
36029007305,77.0
36029007306,77.0
36029007600,77.0
36029007700,77.0
36029007800,77.0
36029007901,77.0
36029007902,77.0
36029007903,77.0
36029007904,77.0
36029007905,77.0
36029008001,77.0
36029008002,77.0
36029008003,77.0
36029008101,77.0
36029008102,77.0
36029008201,77.0
36029008202,77.0
36029008300,77.0
36029008400,77.0
36029008500,77.0
36029008600,77.0
36029008700,77.0
36029008800,77.0
36029008900,77.0
36029009004,77.0
36029009007,77.0
36029009008,77.0
36029009009,77.0
36029009010,77.0
36029009011,77.0
36029009012,77.0
36029009104,77.0
36029009106,77.0
36029009107,77.0
36029009109,77.0
36029009110,77.0
36029009112,77.0
36029009113,77.0
36029009114,77.0
36029009115,77.0
36029009116,77.0
36029009200,77.0
36029009301,77.0
36029009302,77.0
36029009401,77.0
36029009402,77.0
36029009501,77.0
36029009503,77.0
36029009504,77.0
36029009601,79.0
36029009602,77.0
36029009701,79.0
36029009702,79.0
36029009800,79.0
36029009900,77.0
36029010001,77.0
36029010002,79.0
36029010003,77.0
36029010101,77.0
36029010102,77.0
36029010103,77.0
36029010201,77.0
36029010202,77.0
36029010300,77.0
36029010400,77.0
36029010500,77.0
36029010600,77.0
36029010700,77.0
36029010803,77.0
36029010804,79.0
36029010805,79.0
36029010807,79.0
36029010808,79.0
36029010809,79.0
36029010901,77.0
36029010902,77.0
36029011000,77.0
36029011100,77.0
36029011201,79.0
36029011202,79.0
36029011300,79.0
36029011400,79.0
36029011500,79.0
36029011600,79.0
36029011700,79.0
36029011800,79.0
36029012001,79.0
36029012002,79.0
36029012003,79.0
36029012300,77.0
36029012400,77.0
36029012501,77.0
36029012502,79.0
36029012800,77.0
36029012902,79.0
36029012903,79.0
36029012904,79.0
36029013001,77.0
36029013002,77.0
36029013101,77.0
36029013103,79.0
36029013104,79.0
36029013201,79.0
36029013202,79.0
36029013300,79.0
36029013400,79.0
36029013501,79.0
36029013502,79.0
36029013600,79.0
36029013701,79.0
36029013702,79.0
36029013801,79.0
36029013802,79.0
36029013900,79.0
36029014000,79.0
36029014101,79.0
36029014102,79.0
36029014204,79.0
36029014206,79.0
36029014207,79.0
36029014208,79.0
36029014209,79.0
36029014300,79.0
36029014400,79.0
36029014501,79.0
36029014502,79.0
36029014601,79.0
36029014603,77.0
36029014605,79.0
36029014606,77.0
36029014701,79.0
36029014703,79.0
36029014704,79.0
36029014801,79.0
36029014804,79.0
36029014805,79.0
36029014901,79.0
36029014903,79.0
36029015001,79.0
36029015002,79.0
36029015003,79.0
36029015101,79.0
36029015102,79.0
36029015201,79.0
36029015202,79.0
36029015301,79.0
36029015302,79.0
36029015401,79.0
36029015402,79.0
36029015501,79.0
36029015503,79.0
36029015504,79.0
36029015600,79.0
36029015700,79.0
36029015800,79.0
36029015900,79.0
36029016200,77.0
36029016300,77.0
36029016400,77.0
36029016500,77.0
36029016600,77.0
36029016700,77.0
36029016801,77.0
36029016802,77.0
36029016900,77.0
36029017000,77.0
36029017100,77.0
36029017200,77.0
36029017301,79.0
36029017302,79.0
36029017400,77.0
36029017501,79.0
36029017502,79.0
36029940000,79.0
36029940100,79.0
36029980000,77.0
36029980300,79.0
36029980400,79.0
36029980500,77.0
36031960100,83.0
36031960200,83.0
36031960300,83.0
36031960401,83.0
36031960402,83.0
36031960501,83.0
36031960502,83.0
36031960700,83.0
36031960800,83.0
36031960901,83.0
36031960902,83.0
36031961001,83.0
36031961002,83.0
36031961100,83.0
36031961201,83.0
36031961202,83.0
36031961300,83.0
36031961400,83.0
36033940000,83.0
36033950200,83.0
36033950301,83.0
36033950501,83.0
36033950502,83.0
36033950601,83.0
36033950701,83.0
36033950800,83.0
36033950900,83.0
36033951000,83.0
36033951100,83.0
36033951200,83.0
36033951300,83.0
36033951400,83.0
36033952000,83.0
36035970100,83.0
36035970200,83.0
36035970300,83.0
36035970400,83.0
36035970500,83.0
36035970601,83.0
36035970602,83.0
36035970700,83.0
36035970800,83.0
36035970900,83.0
36035971000,83.0
36035971100,83.0
36035971200,83.0
36035971300,83.0
36035971400,83.0
36035971501,83.0
36035971502,83.0
36037940100,79.0
36037950100,78.0
36037950200,79.0
36037950301,79.0
36037950302,79.0
36037950401,79.0
36037950402,79.0
36037950501,79.0
36037950502,79.0
36037950600,79.0
36037950700,79.0
36037950800,79.0
36037950900,79.0
36037951000,79.0
36037951100,78.0
36037951200,78.0
36037951300,79.0
36037951400,79.0
36039080100,100.0
36039080201,100.0
36039080202,100.0
36039080301,100.0
36039080302,100.0
36039080402,100.0
36039080403,100.0
36039080404,100.0
36039080501,100.0
36039080502,100.0
36039080600,100.0
36039080700,100.0
36039080800,100.0
36039080900,100.0
36039081001,86.0
36039081002,100.0
36039081101,100.0
36039081102,100.0
36041950100,83.0
36041950300,83.0
36041950400,83.0
36041950500,83.0
36043010100,84.0
36043010201,84.0
36043010202,84.0
36043010300,84.0
36043010400,84.0
36043010501,83.0
36043010502,84.0
36043010701,83.0
36043010702,83.0
36043010900,83.0
36043011001,83.0
36043011002,83.0
36043011100,83.0
36043011200,84.0
36043011301,83.0
36043011302,84.0
36043011400,83.0
36043011502,83.0
36043011503,83.0
36043011504,83.0
36045060101,83.0
36045060102,83.0
36045060201,83.0
36045060202,83.0
36045060203,83.0
36045060301,83.0
36045060302,83.0
36045060401,83.0
36045060402,83.0
36045060500,83.0
36045060601,83.0
36045060602,83.0
36045060700,83.0
36045060803,83.0
36045060805,83.0
36045060806,83.0
36045060901,83.0
36045060902,83.0
36045061000,83.0
36045061101,83.0
36045061102,83.0
36045061200,83.0
36045061300,83.0
36045061400,83.0
36045061500,83.0
36045061600,83.0
36045061700,83.0
36045061801,83.0
36045061802,83.0
36045061900,83.0
36045062100,83.0
36045062200,83.0
36045062400,83.0
36045062500,83.0
36045980000,83.0
36047000100,37.0
36047000200,36.0
36047000301,37.0
36047000501,37.0
36047000502,37.0
36047000700,37.0
36047000900,37.0
36047001100,37.0
36047001300,37.0
36047001501,37.0
36047001502,37.0
36047001801,37.0
36047001802,37.0
36047001803,37.0
36047001804,37.0
36047002000,36.0
36047002100,37.0
36047002200,36.0
36047002300,37.0
36047002901,37.0
36047003000,37.0
36047003101,37.0
36047003102,37.0
36047003300,37.0
36047003400,37.0
36047003500,37.0
36047003600,37.0
36047003700,37.0
36047003800,37.0
36047003900,37.0
36047004100,37.0
36047004300,37.0
36047004400,37.0
36047004500,37.0
36047004600,37.0
36047004700,37.0
36047004900,37.0
36047005000,37.0
36047005100,37.0
36047005201,37.0
36047005202,37.0
36047005301,94.0
36047005302,37.0
36047005303,37.0
36047005400,37.0
36047005601,37.0
36047005602,1.0
36047005800,37.0
36047005900,37.0
36047006000,37.0
36047006200,37.0
36047006300,37.0
36047006400,37.0
36047006500,37.0
36047006600,37.0
36047006700,37.0
36047006800,37.0
36047006901,37.0
36047006902,37.0
36047007000,36.0
36047007100,37.0
36047007200,36.0
36047007400,36.0
36047007500,37.0
36047007600,36.0
36047007700,37.0
36047007800,36.0
36047008000,36.0
36047008200,36.0
36047008400,36.0
36047008500,37.0
36047008600,36.0
36047008800,36.0
36047009001,36.0
36047009002,36.0
36047009201,36.0
36047009202,36.0
36047009401,36.0
36047009402,36.0
36047009600,36.0
36047009800,36.0
36047010000,36.0
36047010100,37.0
36047010200,36.0
36047010401,36.0
36047010402,36.0
36047010601,36.0
36047010602,36.0
36047010801,36.0
36047010802,36.0
36047011000,36.0
36047011200,36.0
36047011400,36.0
36047011600,36.0
36047011700,37.0
36047011800,36.0
36047011901,37.0
36047011902,37.0
36047012000,36.0
36047012100,37.0
36047012200,36.0
36047012600,36.0
36047012700,37.0
36047012801,36.0
36047012901,37.0
36047012902,37.0
36047013000,36.0
36047013100,37.0
36047013200,36.0
36047013300,37.0
36047013400,36.0
36047013500,37.0
36047013600,36.0
36047013700,37.0
36047013800,36.0
36047013900,37.0
36047014000,36.0
36047014101,37.0
36047014102,37.0
36047014200,36.0
36047014300,37.0
36047014500,37.0
36047014700,37.0
36047014800,36.0
36047014901,37.0
36047014902,37.0
36047015000,36.0
36047015100,37.0
36047015200,36.0
36047015300,37.0
36047015400,36.0
36047015500,36.0
36047015700,36.0
36047015900,36.0
36047016000,36.0
36047016100,36.0
36047016200,37.0
36047016300,36.0
36047016400,1.0
36047016500,36.0
36047016600,36.0
36047016700,36.0
36047016800,1.0
36047016900,36.0
36047017000,36.0
36047017100,36.0
36047017200,36.0
36047017400,1.0
36047017500,36.0
36047017600,1.0
36047017700,36.0
36047017800,36.0
36047017900,36.0
36047018000,36.0
36047018100,36.0
36047018200,36.0
36047018300,36.0
36047018400,36.0
36047018501,37.0
36047018600,36.0
36047018700,36.0
36047018800,36.0
36047019000,36.0
36047019100,35.0
36047019200,36.0
36047019300,35.0
36047019400,36.0
36047019500,36.0
36047019600,36.0
36047019700,36.0
36047019800,36.0
36047019900,36.0
36047020000,36.0
36047020100,36.0
36047020200,36.0
36047020300,36.0
36047020400,36.0
36047020500,36.0
36047020600,36.0
36047020700,36.0
36047020800,36.0
36047021000,36.0
36047021100,37.0
36047021200,36.0
36047021300,36.0
36047021400,36.0
36047021500,36.0
36047021600,36.0
36047021700,36.0
36047021800,36.0
36047021900,36.0
36047022000,36.0
36047022100,35.0
36047022200,36.0
36047022400,36.0
36047022600,36.0
36047022700,35.0
36047022800,36.0
36047022900,35.0
36047023000,36.0
36047023100,35.0
36047023200,36.0
36047023300,35.0
36047023400,36.0
36047023500,35.0
36047023600,36.0
36047023800,36.0
36047024000,36.0
36047024100,35.0
36047024200,36.0
36047024300,35.0
36047024400,36.0
36047024500,35.0
36047024600,36.0
36047024700,35.0
36047024800,36.0
36047024900,35.0
36047025000,36.0
36047025100,35.0
36047025200,36.0
36047025300,35.0
36047025400,36.0
36047025500,35.0
36047025600,36.0
36047025700,35.0
36047025800,36.0
36047025901,35.0
36047025902,35.0
36047026000,36.0
36047026100,35.0
36047026200,36.0
36047026300,35.0
36047026400,36.0
36047026500,35.0
36047026600,36.0
36047026700,35.0
36047026800,36.0
36047026900,35.0
36047027000,36.0
36047027100,35.0
36047027200,36.0
36047027300,35.0
36047027400,36.0
36047027500,35.0
36047027600,36.0
36047027700,35.0
36047027800,36.0
36047027900,35.0
36047028000,1.0
36047028100,35.0
36047028200,1.0
36047028300,35.0
36047028400,36.0
36047028501,9.0
36047028502,35.0
36047028600,1.0
36047028700,35.0
36047028800,36.0
36047028900,35.0
36047029000,1.0
36047029100,35.0
36047029200,1.0
36047029300,35.0
36047029400,1.0
36047029500,35.0
36047029600,1.0
36047029700,35.0
36047029800,1.0
36047029900,35.0
36047030000,1.0
36047030100,9.0
36047030200,1.0
36047030300,9.0
36047030400,1.0
36047030500,36.0
36047030600,1.0
36047030700,35.0
36047030800,1.0
36047030900,35.0
36047031100,35.0
36047031300,35.0
36047031401,1.0
36047031402,1.0
36047031500,35.0
36047031701,35.0
36047031702,35.0
36047031900,35.0
36047032100,35.0
36047032300,36.0
36047032500,36.0
36047032600,1.0
36047032700,36.0
36047032800,1.0
36047032900,35.0
36047033000,1.0
36047033100,35.0
36047033300,35.0
36047033500,35.0
36047033600,1.0
36047033701,35.0
36047033702,35.0
36047033900,35.0
36047034000,1.0
36047034100,35.0
36047034200,1.0
36047034300,35.0
36047034500,35.0
36047034700,35.0
36047034800,1.0
36047034901,35.0
36047034902,35.0
36047035000,1.0
36047035101,35.0
36047035102,35.0
36047035200,1.0
36047035301,35.0
36047035302,35.0
36047035400,1.0
36047035500,35.0
36047035601,1.0
36047035602,1.0
36047035701,35.0
36047035702,35.0
36047035900,35.0
36047036001,1.0
36047036002,1.0
36047036100,35.0
36047036200,1.0
36047036300,9.0
36047036400,1.0
36047036501,9.0
36047036502,9.0
36047036600,1.0
36047036700,9.0
36047036900,9.0
36047037000,1.0
36047037100,9.0
36047037300,9.0
36047037401,1.0
36047037402,1.0
36047037500,9.0
36047037700,35.0
36047037900,9.0
36047038100,35.0
36047038200,1.0
36047038300,35.0
36047038500,35.0
36047038600,1.0
36047038700,9.0
36047038800,1.0
36047038900,9.0
36047039000,1.0
36047039100,9.0
36047039200,1.0
36047039300,9.0
36047039400,1.0
36047039500,9.0
36047039600,1.0
36047039700,9.0
36047039800,1.0
36047039900,9.0
36047040000,1.0
36047040100,9.0
36047040200,1.0
36047040300,9.0
36047040400,1.0
36047040500,9.0
36047040600,1.0
36047040700,9.0
36047040800,1.0
36047040900,9.0
36047041000,1.0
36047041100,9.0
36047041200,1.0
36047041300,9.0
36047041401,1.0
36047041402,1.0
36047041500,9.0
36047041600,1.0
36047041700,9.0
36047041800,1.0
36047041900,9.0
36047042000,36.0
36047042100,9.0
36047042200,1.0
36047042300,9.0
36047042400,36.0
36047042500,9.0
36047042600,36.0
36047042700,9.0
36047042800,36.0
36047042900,9.0
36047043000,36.0
36047043100,9.0
36047043200,36.0
36047043300,9.0
36047043400,36.0
36047043500,9.0
36047043600,36.0
36047043700,9.0
36047043800,36.0
36047043900,9.0
36047044000,36.0
36047044100,9.0
36047044200,36.0
36047044300,9.0
36047044400,36.0
36047044500,9.0
36047044600,36.0
36047044700,9.0
36047044800,36.0
36047044901,9.0
36047044902,9.0
36047045000,36.0
36047045200,36.0
36047045300,9.0
36047045400,36.0
36047045600,36.0
36047045800,36.0
36047046000,36.0
36047046201,36.0
36047046202,36.0
36047046400,36.0
36047046800,36.0
36047047000,36.0
36047047200,36.0
36047047400,36.0
36047047600,36.0
36047047700,9.0
36047047800,36.0
36047048000,36.0
36047048100,9.0
36047048200,36.0
36047048400,36.0
36047048500,9.0
36047048600,36.0
36047048800,36.0
36047048900,9.0
36047049000,36.0
36047049100,9.0
36047049200,36.0
36047049301,9.0
36047049302,9.0
36047049400,36.0
36047049500,35.0
36047049600,36.0
36047049700,35.0
36047049800,36.0
36047049900,35.0
36047050001,36.0
36047050002,36.0
36047050100,35.0
36047050202,36.0
36047050300,35.0
36047050401,36.0
36047050402,36.0
36047050500,35.0
36047050600,36.0
36047050700,35.0
36047050801,36.0
36047050803,36.0
36047050804,36.0
36047050900,35.0
36047051001,36.0
36047051002,36.0
36047051100,35.0
36047051200,36.0
36047051300,35.0
36047051400,36.0
36047051500,35.0
36047051601,36.0
36047051602,36.0
36047051700,35.0
36047051800,36.0
36047051900,35.0
36047052000,36.0
36047052300,35.0
36047052500,35.0
36047052600,36.0
36047052700,35.0
36047052800,36.0
36047052900,35.0
36047053000,36.0
36047053101,35.0
36047053102,35.0
36047053200,36.0
36047053300,35.0
36047053400,36.0
36047053500,35.0
36047053700,35.0
36047053800,35.0
36047053900,35.0
36047054200,36.0
36047054300,35.0
36047054400,1.0
36047054500,35.0
36047054600,35.0
36047054700,35.0
36047054800,1.0
36047054900,35.0
36047055000,1.0
36047055100,35.0
36047055200,1.0
36047055300,35.0
36047055400,1.0
36047055500,35.0
36047055600,1.0
36047055700,35.0
36047055800,1.0
36047056000,1.0
36047056100,35.0
36047056200,1.0
36047056301,35.0
36047056302,35.0
36047056400,1.0
36047056500,35.0
36047056600,1.0
36047056800,1.0
36047056900,35.0
36047057000,1.0
36047057100,9.0
36047057200,1.0
36047057300,35.0
36047057400,1.0
36047057500,9.0
36047057600,1.0
36047057800,1.0
36047057901,9.0
36047057902,9.0
36047058000,1.0
36047058200,1.0
36047058400,1.0
36047058600,1.0
36047058800,1.0
36047058901,9.0
36047058902,9.0
36047059000,1.0
36047059100,9.0
36047059200,1.0
36047059300,9.0
36047059402,1.0
36047059403,1.0
36047059404,1.0
36047059600,1.0
36047059800,1.0
36047060000,1.0
36047060600,1.0
36047060800,1.0
36047061002,1.0
36047061003,1.0
36047061004,1.0
36047061200,1.0
36047061600,1.0
36047062000,1.0
36047062200,1.0
36047062600,1.0
36047062800,1.0
36047063200,1.0
36047063600,1.0
36047063800,1.0
36047064000,1.0
36047064200,35.0
36047064400,35.0
36047064600,35.0
36047064800,35.0
36047065000,35.0
36047065200,1.0
36047065400,1.0
36047065600,1.0
36047065800,1.0
36047066000,1.0
36047066200,1.0
36047066600,1.0
36047067000,1.0
36047067200,35.0
36047067400,35.0
36047067600,35.0
36047067800,35.0
36047068000,35.0
36047068200,35.0
36047068600,1.0
36047068800,35.0
36047069000,35.0
36047069200,35.0
36047069601,35.0
36047069602,35.0
36047069800,1.0
36047070000,35.0
36047070201,1.0
36047070202,1.0
36047070203,1.0
36047070601,1.0
36047070602,1.0
36047072000,35.0
36047072200,35.0
36047072400,35.0
36047072600,35.0
36047072800,35.0
36047073000,35.0
36047073200,35.0
36047073400,35.0
36047073600,35.0
36047073800,35.0
36047074000,35.0
36047074200,35.0
36047074400,35.0
36047074600,35.0
36047074800,35.0
36047075000,35.0
36047075200,36.0
36047075400,35.0
36047075600,35.0
36047075800,35.0
36047076000,35.0
36047076200,36.0
36047076400,36.0
36047076600,36.0
36047076800,36.0
36047077000,36.0
36047077200,36.0
36047077400,35.0
36047077600,35.0
36047078000,35.0
36047078200,35.0
36047078400,35.0
36047078601,35.0
36047078602,35.0
36047078801,35.0
36047078802,35.0
36047079001,36.0
36047079002,36.0
36047079201,36.0
36047079202,36.0
36047079400,36.0
36047079601,36.0
36047079602,36.0
36047079801,36.0
36047079802,36.0
36047080000,36.0
36047080200,36.0
36047080400,36.0
36047080600,35.0
36047080800,35.0
36047081000,35.0
36047081400,35.0
36047081600,35.0
36047081800,35.0
36047082000,36.0
36047082200,36.0
36047082400,36.0
36047082600,36.0
36047082800,35.0
36047083000,35.0
36047083200,35.0
36047083400,35.0
36047083600,35.0
36047083800,35.0
36047084000,35.0
36047084600,35.0
36047084800,35.0
36047085000,35.0
36047085200,35.0
36047085400,35.0
36047085600,35.0
36047085800,35.0
36047086000,35.0
36047086200,35.0
36047086400,35.0
36047086600,35.0
36047086800,35.0
36047087000,35.0
36047087200,35.0
36047087401,35.0
36047087600,35.0
36047087800,35.0
36047088001,35.0
36047088002,35.0
36047088200,35.0
36047088400,35.0
36047088600,35.0
36047088800,35.0
36047089000,4.0
36047089200,35.0
36047089400,4.0
36047089600,4.0
36047089800,4.0
36047090000,35.0
36047090200,35.0
36047090600,4.0
36047090800,4.0
36047091000,4.0
36047091200,4.0
36047091600,4.0
36047091800,4.0
36047092000,4.0
36047092200,4.0
36047092400,4.0
36047092800,4.0
36047093000,35.0
36047093200,35.0
36047093400,35.0
36047093600,35.0
36047093800,35.0
36047094401,35.0
36047094402,35.0
36047094600,35.0
36047095000,35.0
36047095400,35.0
36047095600,35.0
36047095800,35.0
36047096000,35.0
36047096200,35.0
36047096400,35.0
36047096600,35.0
36047096800,35.0
36047097000,35.0
36047097400,4.0
36047098200,4.0
36047098400,4.0
36047098600,4.0
36047098800,4.0
36047099000,35.0
36047099200,35.0
36047099400,35.0
36047099600,35.0
36047099800,35.0
36047100400,35.0
36047100600,35.0
36047100800,35.0
36047101000,35.0
36047101200,4.0
36047101400,4.0
36047101600,4.0
36047101800,4.0
36047102000,4.0
36047102200,35.0
36047102400,35.0
36047102600,35.0
36047102801,35.0
36047102802,35.0
36047103401,4.0
36047103402,4.0
36047105801,4.0
36047105804,4.0
36047107001,4.0
36047107002,4.0
36047107003,4.0
36047107800,4.0
36047109800,4.0
36047110400,4.0
36047110600,4.0
36047111000,4.0
36047111600,4.0
36047111800,4.0
36047112000,4.0
36047112200,4.0
36047112400,4.0
36047112600,4.0
36047112800,4.0
36047113000,4.0
36047113200,4.0
36047113400,4.0
36047114201,9.0
36047114202,9.0
36047114400,4.0
36047114600,9.0
36047115000,4.0
36047115200,4.0
36047115600,4.0
36047115800,4.0
36047116000,4.0
36047116200,4.0
36047116400,4.0
36047116600,4.0
36047116800,4.0
36047117000,4.0
36047117201,9.0
36047117202,9.0
36047117400,4.0
36047117601,4.0
36047117602,9.0
36047117800,4.0
36047118000,9.0
36047118201,9.0
36047118202,9.0
36047118400,4.0
36047118600,4.0
36047118800,4.0
36047119000,4.0
36047119200,4.0
36047119400,4.0
36047119600,4.0
36047119800,4.0
36047120000,4.0
36047120200,4.0
36047120801,4.0
36047120802,4.0
36047120803,4.0
36047121000,4.0
36047121400,4.0
36047122000,4.0
36047123700,35.0
36047150200,36.0
36047152200,36.0
36049950101,83.0
36049950200,83.0
36049950301,83.0
36049950302,83.0
36049950401,83.0
36049950500,83.0
36049950601,83.0
36049950700,83.0
36049950800,83.0
36051030100,78.0
36051030201,79.0
36051030203,101.0
36051030204,78.0
36051030300,78.0
36051030400,79.0
36051030500,101.0
36051030600,78.0
36051030701,101.0
36051030702,78.0
36051030800,79.0
36051030900,79.0
36051031000,101.0
36051031101,101.0
36051031102,101.0
36051031200,79.0
36051031300,101.0
36051031400,101.0
36053030101,84.0
36053030102,84.0
36053030103,84.0
36053030200,84.0
36053030300,84.0
36053030401,84.0
36053030402,84.0
36053030403,84.0
36053030404,84.0
36053030501,84.0
36053030502,84.0
36053030601,84.0
36053030602,84.0
36053030701,84.0
36053030702,84.0
36053030800,84.0
36053030900,84.0
36053031000,84.0
36053031100,100.0
36055000200,78.0
36055000700,78.0
36055001000,78.0
36055001300,78.0
36055001600,78.0
36055001800,78.0
36055001900,78.0
36055002000,78.0
36055002100,78.0
36055002200,78.0
36055002300,78.0
36055002400,78.0
36055002700,78.0
36055002900,78.0
36055003000,78.0
36055003101,78.0
36055003102,78.0
36055003200,78.0
36055003300,78.0
36055003400,78.0
36055003500,78.0
36055003600,78.0
36055003700,78.0
36055003806,78.0
36055003807,78.0
36055003900,78.0
36055004000,78.0
36055004100,78.0
36055004602,78.0
36055004701,78.0
36055004702,78.0
36055004800,78.0
36055004900,78.0
36055005000,78.0
36055005100,78.0
36055005200,78.0
36055005400,78.0
36055005500,78.0
36055005600,78.0
36055005700,78.0
36055005800,78.0
36055005900,78.0
36055006000,78.0
36055006100,78.0
36055006200,78.0
36055006300,78.0
36055006400,78.0
36055006500,78.0
36055006600,78.0
36055006700,78.0
36055006800,78.0
36055006900,78.0
36055007000,78.0
36055007100,78.0
36055007500,78.0
36055007600,78.0
36055007700,78.0
36055007801,78.0
36055007802,78.0
36055007900,78.0
36055008000,78.0
36055008100,78.0
36055008200,78.0
36055008301,78.0
36055008400,78.0
36055008500,78.0
36055008600,78.0
36055008702,78.0
36055008801,78.0
36055009200,78.0
36055009301,78.0
36055009302,78.0
36055009401,78.0
36055009402,78.0
36055009403,78.0
36055009404,78.0
36055009500,78.0
36055009601,78.0
36055009602,78.0
36055009605,78.0
36055010100,78.0
36055010200,78.0
36055010300,78.0
36055010400,78.0
36055010500,78.0
36055010601,78.0
36055010602,78.0
36055010700,101.0
36055010800,78.0
36055010901,78.0
36055010902,78.0
36055011000,78.0
36055011100,78.0
36055011201,78.0
36055011203,101.0
36055011205,78.0
36055011207,78.0
36055011209,78.0
36055011210,78.0
36055011302,101.0
36055011303,101.0
36055011304,101.0
36055011401,101.0
36055011402,78.0
36055011403,101.0
36055011503,78.0
36055011504,78.0
36055011505,78.0
36055011506,78.0
36055011507,78.0
36055011601,78.0
36055011603,78.0
36055011604,78.0
36055011605,78.0
36055011705,78.0
36055011707,78.0
36055011708,78.0
36055011709,78.0
36055011710,78.0
36055011711,78.0
36055011712,78.0
36055011800,78.0
36055011901,78.0
36055011903,78.0
36055011904,78.0
36055012000,78.0
36055012100,78.0
36055012201,78.0
36055012202,78.0
36055012301,78.0
36055012304,78.0
36055012305,78.0
36055012307,78.0
36055012308,78.0
36055012401,101.0
36055012402,78.0
36055012500,78.0
36055012600,78.0
36055012700,78.0
36055012800,78.0
36055012900,78.0
36055013003,78.0
36055013004,78.0
36055013005,78.0
36055013006,78.0
36055013101,78.0
36055013103,78.0
36055013104,78.0
36055013203,78.0
36055013205,78.0
36055013206,78.0
36055013207,78.0
36055013208,78.0
36055013300,78.0
36055013401,78.0
36055013402,78.0
36055013503,78.0
36055013505,78.0
36055013507,78.0
36055013508,78.0
36055013509,78.0
36055013510,78.0
36055013511,78.0
36055013601,78.0
36055013603,78.0
36055013604,78.0
36055013701,78.0
36055013702,78.0
36055013800,78.0
36055013901,78.0
36055013902,78.0
36055014001,78.0
36055014003,78.0
36055014004,78.0
36055014102,78.0
36055014103,78.0
36055014104,78.0
36055014202,78.0
36055014204,78.0
36055014205,78.0
36055014206,78.0
36055014301,78.0
36055014302,78.0
36055014400,78.0
36055014501,78.0
36055014503,78.0
36055014504,78.0
36055014505,78.0
36055014601,78.0
36055014602,78.0
36055014700,78.0
36055014802,78.0
36055014803,78.0
36055014805,78.0
36055014806,78.0
36055014901,78.0
36055014903,78.0
36055014905,78.0
36055014906,78.0
36055015000,78.0
36055015101,78.0
36055015102,78.0
36055015200,78.0
36055015301,78.0
36055015303,78.0
36055015304,78.0
36055015400,78.0
36055980000,78.0
36055980100,78.0
36055980200,78.0
36057070200,85.0
36057070300,85.0
36057070400,85.0
36057070500,85.0
36057070600,85.0
36057070700,85.0
36057070800,85.0
36057070900,85.0
36057072100,85.0
36057072200,83.0
36057072300,83.0
36057072400,83.0
36057072500,83.0
36057072600,85.0
36057072700,85.0
36057072800,85.0
36059300100,17.0
36059300300,13.0
36059300400,13.0
36059300500,13.0
36059300600,13.0
36059300700,13.0
36059300800,13.0
36059300901,13.0
36059300902,13.0
36059301000,17.0
36059301101,17.0
36059301102,17.0
36059301200,17.0
36059301300,13.0
36059301400,13.0
36059301500,13.0
36059301600,13.0
36059301700,13.0
36059301800,13.0
36059301900,13.0
36059302000,13.0
36059302101,13.0
36059302102,13.0
36059302200,13.0
36059302300,13.0
36059302400,13.0
36059302501,13.0
36059302502,13.0
36059302600,13.0
36059302700,13.0
36059302800,13.0
36059302900,13.0
36059303000,13.0
36059303101,13.0
36059303102,13.0
36059303203,13.0
36059303204,13.0
36059303301,13.0
36059303302,13.0
36059303400,13.0
36059303500,13.0
36059303600,13.0
36059303700,13.0
36059303800,13.0
36059303900,13.0
36059304001,13.0
36059304002,13.0
36059304100,13.0
36059304202,13.0
36059304203,13.0
36059304204,13.0
36059404300,13.0
36059404400,13.0
36059404500,13.0
36059404600,13.0
36059404700,13.0
36059404800,13.0
36059404901,13.0
36059404902,2.0
36059405000,2.0
36059405100,2.0
36059405200,2.0
36059405301,13.0
36059405302,13.0
36059405400,2.0
36059405500,13.0
36059405600,2.0
36059405700,2.0
36059405800,13.0
36059405900,2.0
36059406001,2.0
36059406002,2.0
36059406100,13.0
36059406201,2.0
36059406202,2.0
36059406300,13.0
36059406400,13.0
36059406501,13.0
36059406600,13.0
36059406701,13.0
36059406702,13.0
36059406801,13.0
36059406802,13.0
36059406900,13.0
36059407000,2.0
36059407101,2.0
36059407102,2.0
36059407201,13.0
36059407203,13.0
36059407204,13.0
36059407301,13.0
36059407302,13.0
36059407401,2.0
36059407402,13.0
36059407501,2.0
36059407502,2.0
36059407600,13.0
36059407700,13.0
36059407801,13.0
36059407802,13.0
36059407900,13.0
36059408000,2.0
36059408100,2.0
36059408200,13.0
36059408300,13.0
36059408400,2.0
36059408500,2.0
36059408600,13.0
36059408700,13.0
36059408800,13.0
36059408900,13.0
36059409000,13.0
36059409100,13.0
36059409200,13.0
36059409300,2.0
36059409400,13.0
36059409500,2.0
36059409600,2.0
36059409700,2.0
36059409800,2.0
36059409900,2.0
36059410000,2.0
36059410100,2.0
36059410200,2.0
36059410300,2.0
36059410400,2.0
36059410500,2.0
36059410600,2.0
36059410700,2.0
36059410800,2.0
36059410900,2.0
36059411000,1.0
36059411100,1.0
36059411200,2.0
36059411301,2.0
36059411302,2.0
36059411400,2.0
36059411500,2.0
36059411600,2.0
36059411700,2.0
36059411800,2.0
36059411901,2.0
36059411902,2.0
36059412000,2.0
36059412100,2.0
36059412200,2.0
36059412301,2.0
36059412302,2.0
36059412400,2.0
36059412500,2.0
36059412600,2.0
36059412700,2.0
36059412800,2.0
36059412900,2.0
36059413001,2.0
36059413002,2.0
36059413100,2.0
36059413200,2.0
36059413300,2.0
36059413400,2.0
36059413500,2.0
36059413600,2.0
36059413700,2.0
36059413803,2.0
36059413804,2.0
36059413900,2.0
36059414001,2.0
36059414002,2.0
36059414100,2.0
36059414201,2.0
36059414202,2.0
36059414301,2.0
36059414303,2.0
36059414304,2.0
36059414400,2.0
36059414501,2.0
36059414502,2.0
36059414600,2.0
36059414700,2.0
36059414800,2.0
36059414900,2.0
36059415000,2.0
36059415101,2.0
36059415102,2.0
36059415201,2.0
36059415202,2.0
36059415300,2.0
36059415401,2.0
36059415402,2.0
36059415500,2.0
36059415600,2.0
36059415700,2.0
36059415802,2.0
36059416000,2.0
36059416100,2.0
36059416201,2.0
36059416202,2.0
36059416300,2.0
36059416401,2.0
36059416402,2.0
36059416500,2.0
36059416600,2.0
36059416701,2.0
36059416702,2.0
36059416801,2.0
36059416802,2.0
36059416900,2.0
36059517000,17.0
36059517101,15.0
36059517102,17.0
36059517201,15.0
36059517202,15.0
36059517301,17.0
36059517302,17.0
36059517400,15.0
36059517500,15.0
36059517600,15.0
36059517701,15.0
36059517705,13.0
36059517801,17.0
36059517802,17.0
36059517901,17.0
36059517902,17.0
36059518000,17.0
36059518100,17.0
36059518201,17.0
36059518203,15.0
36059518204,15.0
36059518300,15.0
36059518400,15.0
36059518501,13.0
36059518502,13.0
36059518600,13.0
36059518700,15.0
36059518800,15.0
36059518900,13.0
36059519000,13.0
36059519100,13.0
36059519200,13.0
36059519300,13.0
36059519400,13.0
36059519500,13.0
36059519601,13.0
36059519602,15.0
36059519702,15.0
36059519703,15.0
36059519704,15.0
36059519801,15.0
36059519802,15.0
36059519900,15.0
36059520001,13.0
36059520002,15.0
36059520100,15.0
36059520200,15.0
36059520300,2.0
36059520401,15.0
36059520402,15.0
36059520501,2.0
36059520502,2.0
36059520600,2.0
36059520700,2.0
36059520800,2.0
36059520900,2.0
36059521000,2.0
36059521100,2.0
36059521200,2.0
36059521301,2.0
36059521302,2.0
36059521400,2.0
36059521500,2.0
36059521601,2.0
36059521602,2.0
36059521700,2.0
36059521801,2.0
36059521802,2.0
36059521902,2.0
36059522000,2.0
36059522700,2.0
36059980100,13.0
36059981100,13.0
36059982100,13.0
36061000100,94.0
36061000201,37.0
36061000202,37.0
36061000500,37.0
36061000600,37.0
36061000700,37.0
36061000800,37.0
36061000900,37.0
36061001001,37.0
36061001002,37.0
36061001200,37.0
36061001300,37.0
36061001401,37.0
36061001402,37.0
36061001501,37.0
36061001502,37.0
36061001600,37.0
36061001800,37.0
36061002000,37.0
36061002100,94.0
36061002201,37.0
36061002202,37.0
36061002400,37.0
36061002500,37.0
36061002601,37.0
36061002602,37.0
36061002700,37.0
36061002800,37.0
36061002901,37.0
36061002902,37.0
36061003001,37.0
36061003002,37.0
36061003100,37.0
36061003200,37.0
36061003300,94.0
36061003400,37.0
36061003601,37.0
36061003602,37.0
36061003700,94.0
36061003800,37.0
36061003900,94.0
36061004001,37.0
36061004002,37.0
36061004100,37.0
36061004200,37.0
36061004300,37.0
36061004400,37.0
36061004500,37.0
36061004700,37.0
36061004800,37.0
36061004900,37.0
36061005000,37.0
36061005200,37.0
36061005400,94.0
36061005501,37.0
36061005502,37.0
36061005600,37.0
36061005700,37.0
36061005800,94.0
36061005900,37.0
36061006000,37.0
36061006100,37.0
36061006200,9.0
36061006300,94.0
36061006400,37.0
36061006500,94.0
36061006600,9.0
36061006700,94.0
36061006800,37.0
36061006900,94.0
36061007001,9.0
36061007002,9.0
36061007100,94.0
36061007200,37.0
36061007300,94.0
36061007400,94.0
36061007500,94.0
36061007600,94.0
36061007700,94.0
36061007800,9.0
36061007900,94.0
36061008000,37.0
36061008100,94.0
36061008200,94.0
36061008300,94.0
36061008400,94.0
36061008601,9.0
36061008602,9.0
36061008603,9.0
36061008700,94.0
36061008800,9.0
36061008900,94.0
36061009000,9.0
36061009100,94.0
36061009200,37.0
36061009300,94.0
36061009400,94.0
36061009500,94.0
36061009600,94.0
36061009700,94.0
36061009800,9.0
36061009901,94.0
36061009902,94.0
36061009903,94.0
36061010000,94.0
36061010100,94.0
36061010200,94.0
36061010300,94.0
36061010400,94.0
36061010601,9.0
36061010602,9.0
36061010801,9.0
36061010802,9.0
36061010803,94.0
36061010900,94.0
36061011000,9.0
36061011100,94.0
36061011201,94.0
36061011202,94.0
36061011203,94.0
36061011300,94.0
36061011401,94.0
36061011402,94.0
36061011500,94.0
36061011600,9.0
36061011700,94.0
36061011800,9.0
36061011900,94.0
36061012000,94.0
36061012101,94.0
36061012102,94.0
36061012200,94.0
36061012400,3.0
36061012500,94.0
36061012601,3.0
36061012602,3.0
36061012700,94.0
36061012800,94.0
36061012901,94.0
36061012902,94.0
36061013000,94.0
36061013100,94.0
36061013201,3.0
36061013202,3.0
36061013203,3.0
36061013300,94.0
36061013400,3.0
36061013501,94.0
36061013502,94.0
36061013601,3.0
36061013602,3.0
36061013603,3.0
36061013604,3.0
36061013700,94.0
36061013800,3.0
36061013900,94.0
36061014000,94.0
36061014200,94.0
36061014300,94.0
36061014401,3.0
36061014402,3.0
36061014500,94.0
36061014601,3.0
36061014602,3.0
36061014700,94.0
36061014801,3.0
36061014802,3.0
36061014900,94.0
36061015001,94.0
36061015002,94.0
36061015101,94.0
36061015102,94.0
36061015200,3.0
36061015301,94.0
36061015302,94.0
36061015401,3.0
36061015402,3.0
36061015403,3.0
36061015501,94.0
36061015502,94.0
36061015601,3.0
36061015602,3.0
36061015700,94.0
36061015801,3.0
36061015802,3.0
36061015900,94.0
36061016001,94.0
36061016002,3.0
36061016100,94.0
36061016200,3.0
36061016300,94.0
36061016400,3.0
36061016500,94.0
36061016600,3.0
36061016700,94.0
36061016800,94.0
36061016900,94.0
36061017000,3.0
36061017100,94.0
36061017200,94.0
36061017300,94.0
36061017401,95.0
36061017402,95.0
36061017500,94.0
36061017700,94.0
36061017800,3.0
36061017900,94.0
36061018000,3.0
36061018100,94.0
36061018200,94.0
36061018300,94.0
36061018400,95.0
36061018500,94.0
36061018600,95.0
36061018700,95.0
36061018800,94.0
36061018900,95.0
36061019000,95.0
36061019100,95.0
36061019200,3.0
36061019300,95.0
36061019400,94.0
36061019500,95.0
36061019600,94.0
36061019701,95.0
36061019702,95.0
36061019800,95.0
36061019900,95.0
36061020000,95.0
36061020101,95.0
36061020102,95.0
36061020300,95.0
36061020500,95.0
36061020600,95.0
36061020701,95.0
36061020800,95.0
36061020901,95.0
36061021000,95.0
36061021100,95.0
36061021200,95.0
36061021303,95.0
36061021400,95.0
36061021500,95.0
36061021600,95.0
36061021703,95.0
36061021800,95.0
36061021900,95.0
36061022000,95.0
36061022102,95.0
36061022200,95.0
36061022301,95.0
36061022302,95.0
36061022400,95.0
36061022500,95.0
36061022600,95.0
36061022700,95.0
36061022800,95.0
36061022900,95.0
36061023000,95.0
36061023100,95.0
36061023200,95.0
36061023300,95.0
36061023400,95.0
36061023501,95.0
36061023502,95.0
36061023600,95.0
36061023700,95.0
36061023802,3.0
36061023803,3.0
36061023804,9.0
36061023900,95.0
36061024000,3.0
36061024100,95.0
36061024200,94.0
36061024301,95.0
36061024302,95.0
36061024500,95.0
36061024700,95.0
36061024900,95.0
36061025100,95.0
36061025300,95.0
36061025500,95.0
36061025700,95.0
36061025900,95.0
36061026100,95.0
36061026300,95.0
36061026500,95.0
36061026700,95.0
36061026900,95.0
36061027100,95.0
36061027300,95.0
36061027500,95.0
36061027700,95.0
36061027900,95.0
36061028100,95.0
36061028300,95.0
36061028500,95.0
36061028700,95.0
36061029100,91.0
36061029300,91.0
36061029500,91.0
36061029700,91.0
36061029900,91.0
36061030300,91.0
36061030700,91.0
36061030900,91.0
36061031100,95.0
36061031703,94.0
36061031704,94.0
36061031900,37.0
36063020100,77.0
36063020200,77.0
36063020300,77.0
36063020400,77.0
36063020500,77.0
36063020600,77.0
36063020700,77.0
36063020900,77.0
36063021000,77.0
36063021100,77.0
36063021200,77.0
36063021300,77.0
36063021400,77.0
36063021700,77.0
36063022000,77.0
36063022100,77.0
36063022200,77.0
36063022300,77.0
36063022401,77.0
36063022500,77.0
36063022601,77.0
36063022602,77.0
36063022702,77.0
36063022713,77.0
36063022714,77.0
36063022715,77.0
36063022716,77.0
36063022717,77.0
36063022803,77.0
36063022804,77.0
36063022901,77.0
36063022902,77.0
36063023001,77.0
36063023100,77.0
36063023200,77.0
36063023301,77.0
36063023302,77.0
36063023401,79.0
36063023402,79.0
36063023404,79.0
36063023405,77.0
36063023500,79.0
36063023600,79.0
36063023700,79.0
36063023800,79.0
36063023901,79.0
36063023902,79.0
36063024001,79.0
36063024002,79.0
36063024101,79.0
36063024102,77.0
36063024201,77.0
36063024202,77.0
36063024301,77.0
36063024302,77.0
36063024303,77.0
36063024401,77.0
36063024404,77.0
36063024405,77.0
36063024406,77.0
36063024501,77.0
36063024502,77.0
36063024600,77.0
36063940001,77.0
36063940100,79.0
36065020102,84.0
36065020300,84.0
36065020705,84.0
36065020802,84.0
36065020803,84.0
36065020900,84.0
36065021000,84.0
36065021103,84.0
36065021104,84.0
36065021201,84.0
36065021202,84.0
36065021301,84.0
36065021302,84.0
36065021303,84.0
36065021401,84.0
36065021402,84.0
36065021500,84.0
36065021601,84.0
36065021602,84.0
36065021701,84.0
36065021702,84.0
36065021900,84.0
36065022000,84.0
36065022100,84.0
36065022200,84.0
36065022400,84.0
36065022500,84.0
36065022701,84.0
36065022702,84.0
36065022800,84.0
36065023000,84.0
36065023200,84.0
36065023300,84.0
36065023400,84.0
36065023501,84.0
36065023502,84.0
36065023702,84.0
36065023901,84.0
36065023902,83.0
36065024000,83.0
36065024101,83.0
36065024102,83.0
36065024200,83.0
36065024301,84.0
36065024302,84.0
36065024303,83.0
36065024400,84.0
36065024500,84.0
36065024700,84.0
36065024800,84.0
36065024900,84.0
36065025001,84.0
36065025002,84.0
36065025003,84.0
36065025100,84.0
36065025200,84.0
36065025300,84.0
36065025400,84.0
36065025500,84.0
36065025601,84.0
36065025602,84.0
36065025700,100.0
36065025800,100.0
36065025900,84.0
36065026100,84.0
36065026200,84.0
36065026300,84.0
36065026400,84.0
36065026501,84.0
36065026502,84.0
36065026600,84.0
36065026700,84.0
36065980002,84.0
36065980003,84.0
36065980100,84.0
36067000100,101.0
36067000200,84.0
36067000300,84.0
36067000400,84.0
36067000501,84.0
36067000600,84.0
36067000700,84.0
36067000800,84.0
36067000900,84.0
36067001000,84.0
36067001400,84.0
36067001500,84.0
36067001600,101.0
36067001701,84.0
36067001702,84.0
36067001800,84.0
36067001900,84.0
36067002000,84.0
36067002101,101.0
36067002300,101.0
36067002400,101.0
36067002700,101.0
36067002901,101.0
36067003000,101.0
36067003200,101.0
36067003400,101.0
36067003500,84.0
36067003601,84.0
36067003602,84.0
36067003800,101.0
36067003900,101.0
36067004000,101.0
36067004200,101.0
36067004301,101.0
36067004302,101.0
36067004401,101.0
36067004500,101.0
36067004600,84.0
36067004800,101.0
36067004900,101.0
36067005000,101.0
36067005100,101.0
36067005200,101.0
36067005300,101.0
36067005400,101.0
36067005500,101.0
36067005601,101.0
36067005602,101.0
36067005700,101.0
36067005800,101.0
36067005900,101.0
36067006000,101.0
36067006101,101.0
36067006102,101.0
36067006103,101.0
36067010100,84.0
36067010200,84.0
36067010301,84.0
36067010321,84.0
36067010322,84.0
36067010400,84.0
36067010500,84.0
36067010600,84.0
36067010700,84.0
36067010800,84.0
36067010900,84.0
36067011011,84.0
36067011012,84.0
36067011021,84.0
36067011022,84.0
36067011101,84.0
36067011102,84.0
36067011201,84.0
36067011202,84.0
36067011231,84.0
36067011232,84.0
36067011241,84.0
36067011242,84.0
36067011300,84.0
36067011401,84.0
36067011402,84.0
36067011500,84.0
36067011600,84.0
36067011700,84.0
36067011800,84.0
36067011900,84.0
36067012000,84.0
36067012100,101.0
36067012200,101.0
36067012300,101.0
36067012400,101.0
36067012500,101.0
36067012600,101.0
36067012700,101.0
36067012800,84.0
36067012900,101.0
36067013000,101.0
36067013100,101.0
36067013200,101.0
36067013300,84.0
36067013400,84.0
36067013500,84.0
36067013600,84.0
36067013701,84.0
36067013800,84.0
36067013900,84.0
36067014000,84.0
36067014200,84.0
36067014300,84.0
36067014400,84.0
36067014500,84.0
36067014600,84.0
36067014700,84.0
36067014800,84.0
36067014900,84.0
36067015000,84.0
36067015100,84.0
36067015201,84.0
36067015202,84.0
36067015203,84.0
36067015400,84.0
36067015500,84.0
36067015601,84.0
36067015602,84.0
36067015701,100.0
36067015702,84.0
36067015800,101.0
36067016001,101.0
36067016002,101.0
36067016100,101.0
36067016200,101.0
36067016300,101.0
36067016400,101.0
36067016501,101.0
36067016502,101.0
36067016600,101.0
36067016700,101.0
36067016801,101.0
36067016802,101.0
36067016901,101.0
36067016902,100.0
36067940000,101.0
36069050101,101.0
36069050103,101.0
36069050104,101.0
36069050105,101.0
36069050106,101.0
36069050203,101.0
36069050204,101.0
36069050205,101.0
36069050206,101.0
36069050302,101.0
36069050303,101.0
36069050304,101.0
36069050401,101.0
36069050402,101.0
36069050501,101.0
36069050502,101.0
36069050601,101.0
36069050603,101.0
36069050604,101.0
36069050800,101.0
36069050900,101.0
36069051001,101.0
36069051101,101.0
36069051102,101.0
36069051200,101.0
36069051301,101.0
36069051302,101.0
36069051400,101.0
36069051501,101.0
36069051502,101.0
36069051600,101.0
36069051700,101.0
36069051801,101.0
36069051900,101.0
36069052001,101.0
36069052002,101.0
36069052003,101.0
36069052101,101.0
36069052102,101.0
36069052200,101.0
36071000100,86.0
36071000200,86.0
36071000301,86.0
36071000302,86.0
36071000400,86.0
36071000501,86.0
36071000502,86.0
36071000600,86.0
36071001100,86.0
36071001200,86.0
36071001300,86.0
36071001500,86.0
36071001601,86.0
36071001602,86.0
36071002100,86.0
36071002200,86.0
36071002300,86.0
36071010101,86.0
36071010102,86.0
36071010200,86.0
36071010300,86.0
36071010400,86.0
36071010501,86.0
36071010502,86.0
36071010601,86.0
36071010602,86.0
36071010701,86.0
36071010702,86.0
36071010801,86.0
36071010802,86.0
36071010901,86.0
36071010902,86.0
36071011000,86.0
36071011101,86.0
36071011102,86.0
36071011200,86.0
36071011301,86.0
36071011302,86.0
36071011400,86.0
36071011500,86.0
36071011601,86.0
36071011602,86.0
36071011701,86.0
36071011702,86.0
36071011801,86.0
36071011802,86.0
36071011900,86.0
36071012100,86.0
36071012200,86.0
36071012300,86.0
36071012601,86.0
36071012602,86.0
36071012700,86.0
36071012800,86.0
36071012900,90.0
36071013000,90.0
36071013100,90.0
36071013201,86.0
36071013202,86.0
36071013301,86.0
36071013302,86.0
36071013400,86.0
36071013500,86.0
36071013600,90.0
36071013700,90.0
36071013800,90.0
36071013900,90.0
36071014101,86.0
36071014102,90.0
36071014201,86.0
36071014202,86.0
36071014301,86.0
36071014302,86.0
36071014400,86.0
36071014501,86.0
36071014502,86.0
36071014601,86.0
36071014602,86.0
36071014700,86.0
36071014801,90.0
36071014802,86.0
36071014900,90.0
36071015003,90.0
36071015005,86.0
36071015007,86.0
36071015008,86.0
36071015009,86.0
36071015010,86.0
36071015100,86.0
36071015201,86.0
36071015202,86.0
36071015203,86.0
36073040200,79.0
36073040300,79.0
36073040400,79.0
36073040500,79.0
36073040601,79.0
36073040602,79.0
36073040603,79.0
36073040701,79.0
36073040702,79.0
36073040801,79.0
36073040802,78.0
36073401200,79.0
36073401300,79.0
36075020101,84.0
36075020102,84.0
36075020201,84.0
36075020202,84.0
36075020301,84.0
36075020303,84.0
36075020304,84.0
36075020400,84.0
36075020501,84.0
36075020502,84.0
36075020503,84.0
36075020600,84.0
36075020703,84.0
36075020704,84.0
36075020705,84.0
36075020706,84.0
36075020707,84.0
36075020800,84.0
36075020901,84.0
36075020903,84.0
36075020904,84.0
36075020905,84.0
36075021001,84.0
36075021002,84.0
36075021003,84.0
36075021101,84.0
36075021102,84.0
36075021103,84.0
36075021104,84.0
36075021201,84.0
36075021202,84.0
36075021203,84.0
36075021300,84.0
36075021401,84.0
36075021402,84.0
36075021501,84.0
36075021503,84.0
36075021504,84.0
36075021505,84.0
36075021601,84.0
36075021602,84.0
36075021603,84.0
36075021604,84.0
36075021605,84.0
36077590101,85.0
36077590102,100.0
36077590201,100.0
36077590202,100.0
36077590301,100.0
36077590302,100.0
36077590401,100.0
36077590402,100.0
36077590500,100.0
36077590600,100.0
36077590701,100.0
36077590702,100.0
36077590800,100.0
36077590900,100.0
36077591000,100.0
36077591100,100.0
36077591401,100.0
36077591402,100.0
36077591500,100.0
36077591601,100.0
36077591602,100.0
36077591700,100.0
36079010100,17.0
36079010201,17.0
36079010202,17.0
36079010300,17.0
36079010400,17.0
36079010500,17.0
36079010600,90.0
36079010700,90.0
36079010800,90.0
36079010901,90.0
36079010902,90.0
36079011000,17.0
36079011100,17.0
36079011201,17.0
36079011202,17.0
36079011300,17.0
36079011400,17.0
36079011501,17.0
36079011502,17.0
36079011600,17.0
36079011700,17.0
36079011801,17.0
36079011802,17.0
36079011900,17.0
36081000101,9.0
36081000102,9.0
36081000103,9.0
36081000104,9.0
36081000200,9.0
36081000400,4.0
36081000600,4.0
36081000701,9.0
36081000702,9.0
36081000800,4.0
36081001000,4.0
36081001200,9.0
36081001400,9.0
36081001600,4.0
36081001800,4.0
36081001901,9.0
36081001902,9.0
36081001903,9.0
36081002000,4.0
36081002200,9.0
36081002400,9.0
36081002500,9.0
36081002600,9.0
36081002800,4.0
36081003000,4.0
36081003100,9.0
36081003200,4.0
36081003301,9.0
36081003302,9.0
36081003400,4.0
36081003600,4.0
36081003700,3.0
36081003800,4.0
36081003900,3.0
36081004001,4.0
36081004002,4.0
36081004200,4.0
36081004300,9.0
36081004401,4.0
36081004500,3.0
36081004700,9.0
36081005000,4.0
36081005100,9.0
36081005200,4.0
36081005300,9.0
36081005400,4.0
36081005500,9.0
36081005700,9.0
36081005800,4.0
36081005900,9.0
36081006100,9.0
36081006201,4.0
36081006202,4.0
36081006300,9.0
36081006501,9.0
36081006502,9.0
36081006900,3.0
36081007100,3.0
36081007300,9.0
36081007500,9.0
36081007700,3.0
36081007900,3.0
36081008100,3.0
36081008300,3.0
36081008500,9.0
36081008600,4.0
36081008700,3.0
36081008800,4.0
36081009100,3.0
36081009400,4.0
36081009500,3.0
36081009600,4.0
36081009700,3.0
36081009800,4.0
36081009900,3.0
36081010000,4.0
36081010100,3.0
36081010200,4.0
36081010300,3.0
36081010400,4.0
36081010500,3.0
36081010600,4.0
36081010701,3.0
36081010800,4.0
36081011000,4.0
36081011100,3.0
36081011200,4.0
36081011300,3.0
36081011400,4.0
36081011500,3.0
36081011600,4.0
36081011700,10.0
36081011800,4.0
36081011900,10.0
36081012000,4.0
36081012100,3.0
36081012200,4.0
36081012301,3.0
36081012400,4.0
36081012500,9.0
36081012601,4.0
36081012602,4.0
36081012800,9.0
36081013000,4.0
36081013200,9.0
36081013400,9.0
36081013500,10.0
36081013600,9.0
36081013700,10.0
36081013800,9.0
36081014000,9.0
36081014100,10.0
36081014201,4.0
36081014202,4.0
36081014300,10.0
36081014400,4.0
36081014500,10.0
36081014700,10.0
36081014800,4.0
36081014900,9.0
36081015000,4.0
36081015100,9.0
36081015200,4.0
36081015300,9.0
36081015400,4.0
36081015500,9.0
36081015600,4.0
36081015700,9.0
36081015801,4.0
36081015802,4.0
36081015900,9.0
36081016100,9.0
36081016300,9.0
36081016400,4.0
36081016600,4.0
36081016800,4.0
36081016900,10.0
36081017000,4.0
36081017101,9.0
36081017102,9.0
36081017200,4.0
36081017400,4.0
36081017600,4.0
36081017800,4.0
36081017901,9.0
36081017902,9.0
36081018000,4.0
36081018101,9.0
36081018102,9.0
36081018200,4.0
36081018300,9.0
36081018401,4.0
36081018402,4.0
36081018501,9.0
36081018502,9.0
36081018600,4.0
36081018700,9.0
36081018800,4.0
36081018900,9.0
36081019000,4.0
36081019200,4.0
36081019400,4.0
36081019600,4.0
36081019800,4.0
36081019901,9.0
36081019902,9.0
36081019903,9.0
36081020200,4.0
36081020400,4.0
36081020500,9.0
36081020600,4.0
36081020800,4.0
36081021200,4.0
36081021400,4.0
36081021601,9.0
36081021602,4.0
36081021603,4.0
36081021900,10.0
36081022001,9.0
36081022002,9.0
36081022900,10.0
36081023000,9.0
36081023200,4.0
36081023501,9.0
36081023502,10.0
36081023600,4.0
36081023800,4.0
36081024000,4.0
36081024300,10.0
36081024500,10.0
36081024600,4.0
36081024700,10.0
36081024900,10.0
36081025100,10.0
36081025301,10.0
36081025302,10.0
36081025401,4.0
36081025402,4.0
36081025500,9.0
36081025700,10.0
36081025800,4.0
36081025900,10.0
36081026000,4.0
36081026100,10.0
36081026200,4.0
36081026300,10.0
36081026400,4.0
36081026501,10.0
36081026502,10.0
36081026600,4.0
36081026700,10.0
36081026901,10.0
36081026902,10.0
36081027000,4.0
36081027101,10.0
36081027102,10.0
36081027200,4.0
36081027301,10.0
36081027302,10.0
36081027400,4.0
36081027500,10.0
36081027600,4.0
36081027701,10.0
36081027702,10.0
36081027800,4.0
36081027900,10.0
36081028000,4.0
36081028100,10.0
36081028200,4.0
36081028300,10.0
36081028400,4.0
36081028500,10.0
36081028700,10.0
36081028801,4.0
36081028802,4.0
36081028803,4.0
36081028900,10.0
36081029100,10.0
36081029300,10.0
36081029400,4.0
36081029500,9.0
36081029700,10.0
36081029900,10.0
36081030600,4.0
36081030903,10.0
36081030904,10.0
36081030905,10.0
36081030906,10.0
36081031700,10.0
36081032000,4.0
36081032700,10.0
36081032800,2.0
36081032900,10.0
36081033000,4.0
36081033100,10.0
36081033401,4.0
36081033403,4.0
36081033404,4.0
36081033405,4.0
36081033700,10.0
36081033900,10.0
36081034700,10.0
36081035100,10.0
36081035200,4.0
36081035300,10.0
36081035700,10.0
36081035800,4.0
36081036100,10.0
36081036300,10.0
36081036500,10.0
36081036600,4.0
36081036700,10.0
36081036800,4.0
36081037100,10.0
36081037300,10.0
36081037501,10.0
36081037502,10.0
36081037600,4.0
36081037700,10.0
36081037900,10.0
36081038100,10.0
36081038301,10.0
36081038302,10.0
36081038400,13.0
36081039400,4.0
36081039800,4.0
36081039901,10.0
36081039902,10.0
36081040000,4.0
36081040101,10.0
36081040102,10.0
36081040200,4.0
36081040301,10.0
36081040302,10.0
36081040400,4.0
36081040501,10.0
36081040502,10.0
36081040701,10.0
36081040702,10.0
36081040901,10.0
36081040902,10.0
36081041100,10.0
36081041300,10.0
36081041400,4.0
36081041500,10.0
36081042400,4.0
36081042600,4.0
36081042700,10.0
36081043200,4.0
36081043400,4.0
36081043701,10.0
36081043702,10.0
36081043900,10.0
36081044000,4.0
36081044301,10.0
36081044302,10.0
36081044400,4.0
36081044601,4.0
36081044602,4.0
36081044800,4.0
36081045000,9.0
36081045200,9.0
36081045400,4.0
36081045500,10.0
36081045600,9.0
36081045700,10.0
36081045800,9.0
36081045900,10.0
36081046000,4.0
36081046100,10.0
36081046200,4.0
36081046300,10.0
36081046400,9.0
36081046500,10.0
36081046600,4.0
36081046700,10.0
36081046800,4.0
36081046901,10.0
36081046902,10.0
36081047000,4.0
36081047100,10.0
36081047200,4.0
36081047300,10.0
36081047500,10.0
36081047600,13.0
36081047801,13.0
36081047802,13.0
36081047900,10.0
36081048000,13.0
36081048100,10.0
36081048200,13.0
36081048301,10.0
36081048302,10.0
36081048400,4.0
36081048500,10.0
36081048900,10.0
36081049201,13.0
36081049202,13.0
36081049301,10.0
36081049302,10.0
36081049500,10.0
36081049600,13.0
36081049700,10.0
36081049900,10.0
36081050000,4.0
36081050201,4.0
36081050202,13.0
36081050400,4.0
36081050500,10.0
36081050600,13.0
36081050700,10.0
36081050800,13.0
36081051000,13.0
36081051100,10.0
36081051200,13.0
36081051300,10.0
36081051500,10.0
36081051600,13.0
36081051700,10.0
36081051800,13.0
36081052000,13.0
36081052100,10.0
36081052200,4.0
36081052400,4.0
36081052500,10.0
36081052600,4.0
36081052800,4.0
36081053000,4.0
36081053100,10.0
36081053200,13.0
36081053401,13.0
36081053501,9.0
36081053502,9.0
36081053601,13.0
36081053800,13.0
36081053901,9.0
36081053902,9.0
36081054000,13.0
36081054200,13.0
36081054500,9.0
36081054700,9.0
36081054800,13.0
36081054900,9.0
36081055100,9.0
36081055200,13.0
36081055300,9.0
36081055400,13.0
36081055500,9.0
36081055600,13.0
36081055700,9.0
36081055800,13.0
36081055900,9.0
36081056000,13.0
36081056100,9.0
36081056200,13.0
36081056400,13.0
36081056500,9.0
36081056600,13.0
36081056700,9.0
36081056800,13.0
36081057700,9.0
36081057900,9.0
36081058000,13.0
36081058100,9.0
36081058200,13.0
36081058300,9.0
36081058500,9.0
36081058700,9.0
36081058900,9.0
36081059000,13.0
36081059100,9.0
36081059200,13.0
36081059300,9.0
36081059400,13.0
36081059501,9.0
36081059502,9.0
36081059600,13.0
36081059800,13.0
36081059900,9.0
36081060000,13.0
36081060100,9.0
36081060300,9.0
36081060600,13.0
36081060701,10.0
36081060800,13.0
36081061000,2.0
36081061200,2.0
36081061301,9.0
36081061302,10.0
36081061400,2.0
36081061601,2.0
36081061602,2.0
36081061800,2.0
36081061900,9.0
36081062000,2.0
36081062100,9.0
36081062200,13.0
36081062300,9.0
36081062400,4.0
36081062500,9.0
36081062600,4.0
36081062700,9.0
36081062900,9.0
36081063000,2.0
36081063200,2.0
36081063301,9.0
36081063302,9.0
36081063500,9.0
36081063700,9.0
36081063800,2.0
36081063900,9.0
36081064101,9.0
36081064102,9.0
36081064500,9.0
36081064600,2.0
36081065000,2.0
36081065401,2.0
36081065402,4.0
36081065501,10.0
36081065600,2.0
36081065702,10.0
36081065703,10.0
36081065900,10.0
36081066000,2.0
36081066100,10.0
36081066301,10.0
36081066302,10.0
36081066401,4.0
36081066402,2.0
36081066403,2.0
36081066404,4.0
36081066501,10.0
36081066701,10.0
36081066900,10.0
36081067100,10.0
36081067700,10.0
36081067900,10.0
36081068000,4.0
36081068200,2.0
36081068300,10.0
36081068700,10.0
36081069000,4.0
36081069300,10.0
36081069400,4.0
36081069500,10.0
36081069701,10.0
36081069702,10.0
36081070300,9.0
36081070700,9.0
36081070900,9.0
36081071100,10.0
36081071303,10.0
36081071304,10.0
36081071305,10.0
36081071306,10.0
36081071600,4.0
36081071701,10.0
36081071702,10.0
36081071900,10.0
36081072100,10.0
36081072300,9.0
36081072900,9.0
36081073100,9.0
36081073700,9.0
36081073900,10.0
36081074100,10.0
36081074300,10.0
36081074500,10.0
36081074700,10.0
36081074900,9.0
36081075701,10.0
36081075702,10.0
36081076901,9.0
36081076902,9.0
36081077300,9.0
36081077500,9.0
36081077902,10.0
36081077903,10.0
36081077904,10.0
36081077905,9.0
36081077906,10.0
36081077907,10.0
36081077908,10.0
36081078800,4.0
36081079000,4.0
36081079200,4.0
36081079300,10.0
36081079701,10.0
36081079702,10.0
36081079900,10.0
36081080301,10.0
36081080302,10.0
36081080900,10.0
36081081400,4.0
36081081800,4.0
36081083700,10.0
36081083800,4.0
36081084000,4.0
36081084500,10.0
36081084601,4.0
36081084602,4.0
36081084901,10.0
36081084902,10.0
36081085300,10.0
36081085500,10.0
36081085700,10.0
36081085900,10.0
36081086100,10.0
36081086300,10.0
36081086400,4.0
36081086500,10.0
36081086900,10.0
36081087100,10.0
36081088400,4.0
36081088902,10.0
36081088903,3.0
36081089201,4.0
36081089202,4.0
36081090700,10.0
36081091602,1.0
36081091603,1.0
36081091604,1.0
36081091800,1.0
36081091900,3.0
36081092200,1.0
36081092500,3.0
36081092800,1.0
36081092900,3.0
36081093401,1.0
36081093402,1.0
36081093800,1.0
36081093900,3.0
36081094201,1.0
36081094202,1.0
36081094203,1.0
36081094500,3.0
36081094700,3.0
36081095400,1.0
36081096400,1.0
36081097202,1.0
36081097204,1.0
36081097205,1.0
36081097206,1.0
36081097207,1.0
36081097300,17.0
36081098100,17.0
36081098700,17.0
36081099100,3.0
36081099200,1.0
36081099701,3.0
36081099703,17.0
36081099704,3.0
36081099705,17.0
36081099801,1.0
36081099802,1.0
36081099900,17.0
36081100801,1.0
36081100803,1.0
36081100804,1.0
36081101002,1.0
36081101003,1.0
36081101004,1.0
36081101700,3.0
36081102900,3.0
36081103201,1.0
36081103202,1.0
36081103300,3.0
36081103900,3.0
36081104700,3.0
36081105900,3.0
36081107201,1.0
36081107202,1.0
36081108500,13.0
36081109300,13.0
36081109700,13.0
36081109900,13.0
36081111300,13.0
36081112300,13.0
36081112900,13.0
36081113300,13.0
36081113900,13.0
36081114100,13.0
36081114700,13.0
36081115100,3.0
36081115500,10.0
36081115700,10.0
36081115900,10.0
36081116100,10.0
36081116301,10.0
36081116302,10.0
36081116700,10.0
36081117100,13.0
36081117500,13.0
36081118100,13.0
36081118500,13.0
36081118700,10.0
36081118900,10.0
36081119100,13.0
36081119300,13.0
36081119500,13.0
36081119900,13.0
36081120100,10.0
36081120300,10.0
36081120500,10.0
36081120701,10.0
36081120702,10.0
36081121100,10.0
36081121500,10.0
36081122300,10.0
36081122702,10.0
36081122703,10.0
36081122704,10.0
36081124100,9.0
36081124700,9.0
36081125700,10.0
36081126500,9.0
36081126700,9.0
36081127700,9.0
36081128300,9.0
36081129102,13.0
36081129103,13.0
36081129104,13.0
36081130100,13.0
36081133300,9.0
36081133900,9.0
36081134100,9.0
36081134701,9.0
36081134702,9.0
36081136700,9.0
36081137700,9.0
36081138501,13.0
36081138502,9.0
36081139900,13.0
36081140300,13.0
36081140901,9.0
36081140902,10.0
36081141700,10.0
36081142900,10.0
36081143500,13.0
36081144100,13.0
36081144700,13.0
36081145101,13.0
36081145102,13.0
36081145900,10.0
36081146300,13.0
36081146700,13.0
36081147100,13.0
36081147900,13.0
36081148300,13.0
36081150701,13.0
36081150702,13.0
36081152901,13.0
36081152902,13.0
36081155101,13.0
36081155103,13.0
36081155104,13.0
36081156700,13.0
36081157101,13.0
36081157102,13.0
36081157901,13.0
36081157902,13.0
36081157903,13.0
36081161700,13.0
36081162100,13.0
36083040100,85.0
36083040200,85.0
36083040300,85.0
36083040400,85.0
36083040500,85.0
36083040600,85.0
36083040701,85.0
36083040702,85.0
36083040800,85.0
36083040900,85.0
36083041000,85.0
36083041101,85.0
36083041102,85.0
36083041200,85.0
36083041300,85.0
36083041400,85.0
36083051500,100.0
36083051601,100.0
36083051602,85.0
36083051701,85.0
36083051702,85.0
36083051800,85.0
36083051901,85.0
36083051902,85.0
36083052002,85.0
36083052003,85.0
36083052004,85.0
36083052101,85.0
36083052102,85.0
36083052103,85.0
36083052201,85.0
36083052203,85.0
36083052204,85.0
36083052301,85.0
36083052303,85.0
36083052305,85.0
36083052306,85.0
36083052402,85.0
36083052405,100.0
36083052406,85.0
36083052407,100.0
36083052408,100.0
36083052501,100.0
36083052502,85.0
36083052503,100.0
36083052601,85.0
36083052602,85.0
36083052603,85.0
36085000300,37.0
36085000600,37.0
36085000700,37.0
36085000800,37.0
36085000900,37.0
36085001100,37.0
36085001700,37.0
36085001800,1.0
36085002001,37.0
36085002002,1.0
36085002100,37.0
36085002700,37.0
36085002900,37.0
36085003300,37.0
36085003600,37.0
36085003900,37.0
36085004001,37.0
36085004002,37.0
36085004003,37.0
36085004004,37.0
36085004700,37.0
36085005000,1.0
36085005901,37.0
36085005902,37.0
36085006400,1.0
36085006700,37.0
36085007001,1.0
36085007002,1.0
36085007400,1.0
36085007500,37.0
36085007700,37.0
36085008100,37.0
36085009601,1.0
36085009602,1.0
36085009701,37.0
36085009702,37.0
36085010500,37.0
36085011201,1.0
36085011203,1.0
36085011204,1.0
36085011401,1.0
36085011402,1.0
36085012100,37.0
36085012200,1.0
36085012500,37.0
36085012804,1.0
36085012805,1.0
36085012806,1.0
36085013201,1.0
36085013203,1.0
36085013204,1.0
36085013301,37.0
36085013302,37.0
36085013400,1.0
36085013800,1.0
36085014100,37.0
36085014604,1.0
36085014605,1.0
36085014606,1.0
36085014607,1.0
36085014608,1.0
36085014700,37.0
36085015100,37.0
36085015400,1.0
36085015601,1.0
36085015602,1.0
36085015603,1.0
36085016901,37.0
36085017005,1.0
36085017007,1.0
36085017009,1.0
36085017011,1.0
36085017012,1.0
36085017013,1.0
36085017014,1.0
36085017015,1.0
36085017016,1.0
36085017300,1.0
36085017600,1.0
36085017701,1.0
36085017702,1.0
36085018100,1.0
36085018701,37.0
36085018703,37.0
36085018704,37.0
36085018901,37.0
36085018902,37.0
36085019700,37.0
36085019800,1.0
36085020100,37.0
36085020701,37.0
36085020702,37.0
36085020803,1.0
36085020804,1.0
36085020805,1.0
36085020806,1.0
36085021300,37.0
36085022300,37.0
36085022601,1.0
36085022602,1.0
36085022801,1.0
36085022802,1.0
36085023100,37.0
36085023900,37.0
36085024401,1.0
36085024402,1.0
36085024700,37.0
36085024800,1.0
36085025100,37.0
36085027301,37.0
36085027302,1.0
36085027702,1.0
36085027704,1.0
36085027705,37.0
36085027706,37.0
36085027900,1.0
36085029102,1.0
36085029104,37.0
36085029105,37.0
36085029106,37.0
36085030301,37.0
36085030302,37.0
36085031901,37.0
36085031902,37.0
36085032300,37.0
36087010101,90.0
36087010102,90.0
36087010200,90.0
36087010501,90.0
36087010503,90.0
36087010504,90.0
36087010601,90.0
36087010602,90.0
36087010701,90.0
36087010702,90.0
36087010703,90.0
36087010801,90.0
36087010802,90.0
36087010803,90.0
36087010804,90.0
36087010901,90.0
36087010902,90.0
36087011000,90.0
36087011101,90.0
36087011102,90.0
36087011200,90.0
36087011302,90.0
36087011303,90.0
36087011304,90.0
36087011305,90.0
36087011401,90.0
36087011403,90.0
36087011404,90.0
36087011405,90.0
36087011505,90.0
36087011506,90.0
36087011507,90.0
36087011508,90.0
36087011509,90.0
36087011510,90.0
36087011511,90.0
36087011512,90.0
36087011601,90.0
36087011602,90.0
36087011603,90.0
36087011700,90.0
36087011800,90.0
36087011901,90.0
36087011902,90.0
36087012000,90.0
36087012107,90.0
36087012108,90.0
36087012109,90.0
36087012110,90.0
36087012111,90.0
36087012112,90.0
36087012113,90.0
36087012114,90.0
36087012115,90.0
36087012116,90.0
36087012203,90.0
36087012204,90.0
36087012205,90.0
36087012206,90.0
36087012301,90.0
36087012302,90.0
36087012401,90.0
36087012403,90.0
36087012404,90.0
36087012503,90.0
36087012504,90.0
36087012505,90.0
36087012506,90.0
36087012600,90.0
36087012700,90.0
36087012800,90.0
36087013001,90.0
36087013002,90.0
36087013003,90.0
36087013101,90.0
36087013102,90.0
36087013200,90.0
36087013300,90.0
36087013401,90.0
36087013402,90.0
36089490100,83.0
36089490200,83.0
36089490300,83.0
36089490400,83.0
36089490500,83.0
36089490600,83.0
36089490700,83.0
36089490800,83.0
36089490900,83.0
36089491000,83.0
36089491100,83.0
36089491200,83.0
36089491300,83.0
36089491400,83.0
36089491500,83.0
36089491600,83.0
36089491700,83.0
36089491800,83.0
36089491900,83.0
36089492000,83.0
36089492100,83.0
36089492301,83.0
36089492302,83.0
36089492401,83.0
36089492501,83.0
36089492600,83.0
36089492700,83.0
36089492800,83.0
36089492900,83.0
36089493000,83.0
36091060102,83.0
36091060103,83.0
36091060104,83.0
36091060200,83.0
36091060301,83.0
36091060400,83.0
36091060501,83.0
36091060504,83.0
36091060505,83.0
36091060506,85.0
36091060507,85.0
36091060601,83.0
36091060602,83.0
36091060703,83.0
36091060704,83.0
36091060705,83.0
36091060706,83.0
36091060800,83.0
36091060901,83.0
36091060902,83.0
36091061001,83.0
36091061002,83.0
36091061101,83.0
36091061102,83.0
36091061201,83.0
36091061202,83.0
36091061301,83.0
36091061303,83.0
36091061304,83.0
36091061305,83.0
36091061401,85.0
36091061403,85.0
36091061404,83.0
36091061500,85.0
36091061600,85.0
36091061701,85.0
36091061702,85.0
36091061800,85.0
36091061904,85.0
36091061905,85.0
36091061906,85.0
36091061907,85.0
36091062001,85.0
36091062002,85.0
36091062100,85.0
36091062200,85.0
36091062300,85.0
36091062404,85.0
36091062406,85.0
36091062407,85.0
36091062408,85.0
36091062409,85.0
36091062410,85.0
36091062501,85.0
36091062503,85.0
36091062505,85.0
36091062506,85.0
36091062507,85.0
36091062508,85.0
36091062509,85.0
36091062601,85.0
36091062602,85.0
36091062700,85.0
36091062800,85.0
36091062900,83.0
36093020101,85.0
36093020102,85.0
36093020200,85.0
36093020300,85.0
36093020500,85.0
36093020600,85.0
36093020700,85.0
36093020800,85.0
36093020900,85.0
36093021001,85.0
36093021002,85.0
36093021200,85.0
36093021400,85.0
36093021500,85.0
36093021600,85.0
36093021700,85.0
36093021801,85.0
36093021802,85.0
36093031901,85.0
36093031902,85.0
36093032000,85.0
36093032101,85.0
36093032102,85.0
36093032200,85.0
36093032300,85.0
36093032402,85.0
36093032403,85.0
36093032404,85.0
36093032502,85.0
36093032503,85.0
36093032504,85.0
36093032601,85.0
36093032602,85.0
36093032700,85.0
36093032901,85.0
36093032902,85.0
36093033002,85.0
36093033003,85.0
36093033004,85.0
36093033101,85.0
36093033102,85.0
36093033200,85.0
36093033300,85.0
36093033400,85.0
36093033500,85.0
36095740100,85.0
36095740200,100.0
36095740300,100.0
36095740400,85.0
36095740500,100.0
36095740600,100.0
36095740700,100.0
36095740800,100.0
36097950100,101.0
36097950200,101.0
36097950300,101.0
36097950400,101.0
36097950500,101.0
36099950100,101.0
36099950200,101.0
36099950300,101.0
36099950400,101.0
36099950500,101.0
36099950600,101.0
36099950700,101.0
36099950801,101.0
36099950802,101.0
36099950900,101.0
36099951000,101.0
36101960100,101.0
36101960200,101.0
36101960300,101.0
36101960400,101.0
36101960500,101.0
36101960600,101.0
36101960700,101.0
36101960800,101.0
36101960900,101.0
36101961000,101.0
36101961100,101.0
36101961200,101.0
36101961300,101.0
36101961400,101.0
36101961500,101.0
36101961600,101.0
36101961700,101.0
36101961800,101.0
36101961900,101.0
36101962000,101.0
36101962100,101.0
36101962200,101.0
36101962301,101.0
36101962302,101.0
36101962400,101.0
36101962500,101.0
36101962600,101.0
36101962700,101.0
36101962800,101.0
36101962900,101.0
36101963000,101.0
36103110101,17.0
36103110103,17.0
36103110104,17.0
36103110200,17.0
36103110300,17.0
36103110401,16.0
36103110402,16.0
36103110501,16.0
36103110502,16.0
36103110601,16.0
36103110602,16.0
36103110801,16.0
36103110803,16.0
36103110901,17.0
36103110902,17.0
36103111001,17.0
36103111002,17.0
36103111101,17.0
36103111102,17.0
36103111103,17.0
36103111201,17.0
36103111202,17.0
36103111300,17.0
36103111401,17.0
36103111402,17.0
36103111503,16.0
36103111504,16.0
36103111506,16.0
36103111507,16.0
36103111508,17.0
36103111601,16.0
36103111602,16.0
36103111701,16.0
36103111703,16.0
36103111704,16.0
36103111801,16.0
36103111802,16.0
36103111803,16.0
36103111804,16.0
36103111900,15.0
36103112001,17.0
36103112002,17.0
36103112102,16.0
36103112103,16.0
36103112104,16.0
36103112204,15.0
36103112211,16.0
36103112212,15.0
36103112213,15.0
36103112215,15.0
36103112216,15.0
36103112217,15.0
36103112218,15.0
36103112219,15.0
36103112220,15.0
36103122300,15.0
36103122405,15.0
36103122406,15.0
36103122407,15.0
36103122408,15.0
36103122501,15.0
36103122502,15.0
36103122602,15.0
36103122603,15.0
36103122604,15.0
36103122605,15.0
36103122704,15.0
36103122705,15.0
36103122706,15.0
36103122707,15.0
36103122801,15.0
36103122802,15.0
36103122901,15.0
36103122902,15.0
36103123001,15.0
36103123002,15.0
36103123101,15.0
36103123102,15.0
36103123201,15.0
36103123203,15.0
36103123204,15.0
36103123303,15.0
36103123304,15.0
36103123401,15.0
36103123403,15.0
36103123404,15.0
36103123500,2.0
36103123600,2.0
36103123701,15.0
36103123703,15.0
36103123704,15.0
36103123801,2.0
36103123802,15.0
36103123900,15.0
36103124001,15.0
36103124002,15.0
36103124101,15.0
36103124102,15.0
36103124200,15.0
36103124301,15.0
36103124302,15.0
36103124401,15.0
36103124402,2.0
36103124500,15.0
36103124601,15.0
36103124602,15.0
36103134702,16.0
36103134703,16.0
36103134704,16.0
36103134902,16.0
36103134906,16.0
36103134907,16.0
36103134908,16.0
36103134909,16.0
36103135002,16.0
36103135003,16.0
36103135004,16.0
36103135005,16.0
36103135101,16.0
36103135102,16.0
36103135103,16.0
36103135104,16.0
36103135201,16.0
36103135205,16.0
36103135208,16.0
36103135209,16.0
36103135303,16.0
36103135305,16.0
36103135306,16.0
36103135401,16.0
36103135402,16.0
36103135403,16.0
36103135500,16.0
36103145601,16.0
36103145602,16.0
36103145603,16.0
36103145604,16.0
36103145605,16.0
36103145701,16.0
36103145702,16.0
36103145703,16.0
36103145705,16.0
36103145706,16.0
36103145803,16.0
36103145804,16.0
36103145807,16.0
36103145808,16.0
36103145809,16.0
36103145810,16.0
36103145901,15.0
36103145903,15.0
36103145904,15.0
36103145905,15.0
36103146001,15.0
36103146002,15.0
36103146004,15.0
36103146005,15.0
36103146102,15.0
36103146103,15.0
36103146105,16.0
36103146106,15.0
36103146201,16.0
36103146202,16.0
36103146203,16.0
36103146204,16.0
36103146205,15.0
36103146206,16.0
36103146300,16.0
36103146402,16.0
36103146403,16.0
36103146404,16.0
36103146500,16.0
36103146607,16.0
36103146608,16.0
36103146611,16.0
36103146612,16.0
36103146613,16.0
36103146614,16.0
36103146616,16.0
36103146617,16.0
36103146618,16.0
36103146619,16.0
36103146620,16.0
36103146703,15.0
36103146704,15.0
36103146705,15.0
36103146706,15.0
36103146800,15.0
36103146901,15.0
36103146902,15.0
36103147001,15.0
36103147003,15.0
36103147004,15.0
36103147100,15.0
36103147201,15.0
36103147202,15.0
36103147301,15.0
36103147302,15.0
36103147401,15.0
36103147402,15.0
36103147502,15.0
36103147503,15.0
36103147504,15.0
36103147505,15.0
36103147601,15.0
36103147602,15.0
36103147701,16.0
36103147702,15.0
36103147802,15.0
36103147803,16.0
36103147804,16.0
36103147901,16.0
36103147902,15.0
36103158001,16.0
36103158009,16.0
36103158010,16.0
36103158011,16.0
36103158012,16.0
36103158013,16.0
36103158014,16.0
36103158015,16.0
36103158016,16.0
36103158017,16.0
36103158102,16.0
36103158103,16.0
36103158107,16.0
36103158108,16.0
36103158111,16.0
36103158112,16.0
36103158114,16.0
36103158116,16.0
36103158117,16.0
36103158118,16.0
36103158119,16.0
36103158120,16.0
36103158205,16.0
36103158206,16.0
36103158207,16.0
36103158208,16.0
36103158209,16.0
36103158304,16.0
36103158306,16.0
36103158309,16.0
36103158310,16.0
36103158315,16.0
36103158317,16.0
36103158318,16.0
36103158319,16.0
36103158320,16.0
36103158322,16.0
36103158324,16.0
36103158325,16.0
36103158326,16.0
36103158327,16.0
36103158328,16.0
36103158329,16.0
36103158401,16.0
36103158402,16.0
36103158403,16.0
36103158407,16.0
36103158408,16.0
36103158409,16.0
36103158410,16.0
36103158411,16.0
36103158412,16.0
36103158502,16.0
36103158505,16.0
36103158506,16.0
36103158509,16.0
36103158510,16.0
36103158511,16.0
36103158512,16.0
36103158513,16.0
36103158514,16.0
36103158604,16.0
36103158605,16.0
36103158606,16.0
36103158607,16.0
36103158608,16.0
36103158609,16.0
36103158705,16.0
36103158707,16.0
36103158708,16.0
36103158709,16.0
36103158710,16.0
36103158711,16.0
36103158712,16.0
36103158713,16.0
36103158714,16.0
36103158715,16.0
36103158802,15.0
36103158803,16.0
36103158805,15.0
36103158806,16.0
36103158901,15.0
36103158902,15.0
36103159000,15.0
36103159103,15.0
36103159106,15.0
36103159107,16.0
36103159108,16.0
36103159109,15.0
36103159110,15.0
36103159111,15.0
36103159112,15.0
36103159201,15.0
36103159203,15.0
36103159204,15.0
36103159300,15.0
36103159406,15.0
36103159407,16.0
36103159408,15.0
36103159410,15.0
36103159411,15.0
36103159413,15.0
36103159414,15.0
36103159415,15.0
36103159416,15.0
36103159509,15.0
36103159510,15.0
36103159511,15.0
36103159512,15.0
36103159513,15.0
36103159514,15.0
36103159515,15.0
36103159516,15.0
36103159517,15.0
36103159518,15.0
36103159602,15.0
36103159603,15.0
36103159604,15.0
36103159700,16.0
36103169701,16.0
36103169703,16.0
36103169705,16.0
36103169706,16.0
36103169800,15.0
36103169903,16.0
36103169904,15.0
36103169905,15.0
36103169906,15.0
36103170003,15.0
36103170004,15.0
36103170005,15.0
36103170006,15.0
36103170101,15.0
36103170203,15.0
36103170204,15.0
36103170205,15.0
36103170206,15.0
36103180300,15.0
36103190402,15.0
36103190403,15.0
36103190404,15.0
36103190405,15.0
36103190502,15.0
36103190503,15.0
36103190504,15.0
36103190603,15.0
36103190604,15.0
36103190605,15.0
36103190606,15.0
36103190706,15.0
36103190708,15.0
36103190709,15.0
36103190710,15.0
36103190711,15.0
36103190712,15.0
36103190713,15.0
36103190714,15.0
36103190801,15.0
36103190802,15.0
36103200901,15.0
36103200903,15.0
36103200904,15.0
36103200905,15.0
36103200906,15.0
36103201005,15.0
36103201006,15.0
36103201007,15.0
36103201008,15.0
36103201009,15.0
36103201010,15.0
36103201200,15.0
36105950100,100.0
36105950201,100.0
36105950202,100.0
36105950300,86.0
36105950400,100.0
36105950500,100.0
36105950600,86.0
36105950701,100.0
36105950702,86.0
36105950801,100.0
36105950802,86.0
36105950900,86.0
36105951000,86.0
36105951100,86.0
36105951201,86.0
36105951202,86.0
36105951301,86.0
36105951302,86.0
36105951500,86.0
36105951600,86.0
36105951701,86.0
36105951702,86.0
36105951801,86.0
36105951802,86.0
36105951900,86.0
36105952000,86.0
36105952100,86.0
36105952200,86.0
36105952300,86.0
36105952400,86.0
36105952500,86.0
36107020101,100.0
36107020102,100.0
36107020200,100.0
36107020300,100.0
36107020401,100.0
36107020402,100.0
36107020500,100.0
36107020600,100.0
36107020701,100.0
36107020702,100.0
36107020703,100.0
36109000100,100.0
36109000201,100.0
36109000202,101.0
36109000300,100.0
36109000400,101.0
36109000500,101.0
36109000600,101.0
36109000700,101.0
36109000800,101.0
36109000900,101.0
36109001000,101.0
36109001100,100.0
36109001200,100.0
36109001301,100.0
36109001302,100.0
36109001400,100.0
36109001500,101.0
36109001600,101.0
36109001700,101.0
36109001800,101.0
36109001901,100.0
36109001902,100.0
36109002000,100.0
36109002100,100.0
36109002200,101.0
36109002300,101.0
36111950100,100.0
36111950200,86.0
36111950300,86.0
36111950400,100.0
36111950500,100.0
36111950600,100.0
36111950900,100.0
36111951000,100.0
36111951100,100.0
36111951200,100.0
36111951300,86.0
36111951400,86.0
36111951500,100.0
36111951600,86.0
36111951700,86.0
36111951800,86.0
36111951900,86.0
36111952000,86.0
36111952100,86.0
36111952200,86.0
36111952300,86.0
36111952400,86.0
36111952500,86.0
36111952600,86.0
36111952700,100.0
36111952800,100.0
36111952901,100.0
36111952902,86.0
36111953000,86.0
36111953300,100.0
36111953400,100.0
36111953500,100.0
36111953600,86.0
36111953700,86.0
36111953800,86.0
36111953900,86.0
36111954000,86.0
36111954100,86.0
36111954200,86.0
36111954401,86.0
36111954402,86.0
36111954500,86.0
36111954600,86.0
36111954700,86.0
36111954800,86.0
36111954900,100.0
36111955001,86.0
36111955002,86.0
36111955300,100.0
36111955400,86.0
36113070100,83.0
36113070200,83.0
36113070300,83.0
36113070400,83.0
36113070500,83.0
36113070602,83.0
36113070603,83.0
36113070604,83.0
36113070701,83.0
36113070702,83.0
36113070801,83.0
36113070802,83.0
36113070900,83.0
36113071000,83.0
36113072001,83.0
36113072002,83.0
36113073000,83.0
36113073500,83.0
36113074000,83.0
36113075001,83.0
36113075002,83.0
36113076000,83.0
36113078000,83.0
36115080100,83.0
36115080200,83.0
36115080301,83.0
36115080302,83.0
36115081001,83.0
36115081002,83.0
36115082001,83.0
36115082002,83.0
36115084001,83.0
36115084002,83.0
36115085000,83.0
36115086000,83.0
36115087000,83.0
36115088001,83.0
36115088002,83.0
36115089000,83.0
36115090000,83.0
36115091000,83.0
36115092000,85.0
36115093000,85.0
36115094000,85.0
36117020103,101.0
36117020104,84.0
36117020105,101.0
36117020106,101.0
36117020201,101.0
36117020202,101.0
36117020302,101.0
36117020303,78.0
36117020401,84.0
36117020402,84.0
36117020500,101.0
36117020601,101.0
36117020602,101.0
36117020700,101.0
36117020800,84.0
36117020900,84.0
36117021000,101.0
36117021100,101.0
36117021200,101.0
36117021400,101.0
36117021501,84.0
36117021502,84.0
36117021600,84.0
36117021700,101.0
36117021800,101.0
36119000101,91.0
36119000103,91.0
36119000104,91.0
36119000202,91.0
36119000203,91.0
36119000204,91.0
36119000205,91.0
36119000300,91.0
36119000401,91.0
36119000403,91.0
36119000404,91.0
36119000501,91.0
36119000502,91.0
36119000601,91.0
36119000602,91.0
36119000701,91.0
36119000702,91.0
36119000801,91.0
36119000802,91.0
36119000803,91.0
36119000900,91.0
36119001000,91.0
36119001101,91.0
36119001102,91.0
36119001200,91.0
36119001301,91.0
36119001302,91.0
36119001304,91.0
36119001305,91.0
36119001401,91.0
36119001402,91.0
36119001403,91.0
36119001502,91.0
36119001503,91.0
36119001504,91.0
36119001505,91.0
36119001600,91.0
36119001701,91.0
36119001702,91.0
36119001800,91.0
36119001900,91.0
36119002000,90.0
36119002101,91.0
36119002103,91.0
36119002104,91.0
36119002105,90.0
36119002106,91.0
36119002107,91.0
36119002201,91.0
36119002202,91.0
36119002203,91.0
36119002204,91.0
36119002300,91.0
36119002401,91.0
36119002402,91.0
36119002403,91.0
36119002404,91.0
36119002405,91.0
36119002600,17.0
36119002700,91.0
36119002800,17.0
36119002900,91.0
36119003000,91.0
36119003100,91.0
36119003200,91.0
36119003300,91.0
36119003400,91.0
36119003500,91.0
36119003600,91.0
36119003700,91.0
36119003800,91.0
36119003900,91.0
36119004001,91.0
36119004002,91.0
36119004100,91.0
36119004200,91.0
36119004500,91.0
36119004600,91.0
36119004700,91.0
36119004801,91.0
36119004802,91.0
36119004900,90.0
36119005001,90.0
36119005002,91.0
36119005100,91.0
36119005200,91.0
36119005300,91.0
36119005400,91.0
36119005500,17.0
36119005600,17.0
36119005702,17.0
36119005703,17.0
36119005704,17.0
36119005800,17.0
36119005901,17.0
36119005902,17.0
36119006000,17.0
36119006100,17.0
36119006200,91.0
36119006301,91.0
36119006302,17.0
36119006400,91.0
36119006500,17.0
36119006600,91.0
36119006700,17.0
36119006801,91.0
36119006802,91.0
36119006900,17.0
36119007000,17.0
36119007100,17.0
36119007200,17.0
36119007300,17.0
36119007401,17.0
36119007402,17.0
36119007500,17.0
36119007600,17.0
36119007700,17.0
36119007800,17.0
36119007901,17.0
36119007902,17.0
36119008000,17.0
36119008100,17.0
36119008200,17.0
36119008301,17.0
36119008302,17.0
36119008401,17.0
36119008403,17.0
36119008404,17.0
36119008500,17.0
36119008602,17.0
36119008700,17.0
36119008801,17.0
36119008802,17.0
36119008901,17.0
36119008902,17.0
36119009000,17.0
36119009100,90.0
36119009201,90.0
36119009202,90.0
36119009300,17.0
36119009400,17.0
36119009500,17.0
36119009600,17.0
36119009701,17.0
36119009702,17.0
36119009703,17.0
36119009800,17.0
36119009900,90.0
36119010000,90.0
36119010100,90.0
36119010200,90.0
36119010300,90.0
36119010400,90.0
36119010500,90.0
36119010600,90.0
36119010701,90.0
36119010702,90.0
36119010801,90.0
36119010803,90.0
36119010804,90.0
36119010901,90.0
36119010902,90.0
36119010903,90.0
36119011000,90.0
36119011101,90.0
36119011102,90.0
36119011200,90.0
36119011300,90.0
36119011401,90.0
36119011402,90.0
36119011500,90.0
36119011601,90.0
36119011602,90.0
36119011700,90.0
36119011800,90.0
36119011902,90.0
36119012000,90.0
36119012101,17.0
36119012102,90.0
36119012201,17.0
36119012202,90.0
36119012301,17.0
36119012303,17.0
36119012304,17.0
36119012400,17.0
36119012501,17.0
36119012502,17.0
36119012503,17.0
36119012600,17.0
36119012700,17.0
36119012803,17.0
36119012804,17.0
36119012900,17.0
36119013000,17.0
36119013102,17.0
36119013103,90.0
36119013104,17.0
36119013201,90.0
36119013202,90.0
36119013301,90.0
36119013304,90.0
36119013401,90.0
36119013402,90.0
36119013500,90.0
36119013600,90.0
36119013700,90.0
36119013800,90.0
36119013900,90.0
36119014000,90.0
36119014100,90.0
36119014200,90.0
36119014300,90.0
36119014400,90.0
36119014500,90.0
36119014604,90.0
36119014605,90.0
36119014606,90.0
36119014607,90.0
36119014701,90.0
36119014703,90.0
36119014704,90.0
36119014805,17.0
36119014806,17.0
36119014808,17.0
36119014809,17.0
36119014810,17.0
36119014811,17.0
36119014812,17.0
36119014813,90.0
36119014901,17.0
36119014903,17.0
36119014907,17.0
36119014908,17.0
36119014909,17.0
36119015000,17.0
36119015100,91.0
36119981000,90.0
36119982000,90.0
36119983000,17.0
36119984000,90.0
36119985000,17.0
36121970100,79.0
36121970201,79.0
36121970202,79.0
36121970300,79.0
36121970400,79.0
36121970500,79.0
36121970600,79.0
36121970700,79.0
36121970800,79.0
36121970900,79.0
36121971000,79.0
36121971100,79.0
36123150101,101.0
36123150102,101.0
36123150200,101.0
36123150301,101.0
36123150302,101.0
36123150400,101.0
36123150501,101.0
36123150502,101.0
