GEOID20,District0,District1
360290001101000,28.0,72.0
360290001101001,28.0,72.0
360290001101002,28.0,72.0
360290001101003,28.0,72.0
360290001101004,28.0,72.0
360290001101005,28.0,72.0
360290001101006,28.0,72.0
360290001102000,28.0,72.0
360290001102001,28.0,72.0
360290001102002,28.0,72.0
360290001102003,28.0,72.0
360290001102004,28.0,72.0
360290001102005,28.0,72.0
360290001103000,29.0,72.0
360290001103001,29.0,72.0
360290001103002,29.0,72.0
360290001103003,29.0,72.0
360290001103004,29.0,72.0
360290001103005,29.0,72.0
360290001103006,29.0,72.0
360290001103007,29.0,72.0
360290001103008,29.0,85.0
360290001103009,29.0,85.0
360290001103010,29.0,85.0
360290001103011,29.0,72.0
360290001103012,29.0,72.0
360290001103013,29.0,72.0
360290001103017,29.0,72.0
360290001103019,29.0,72.0
360290001103020,29.0,72.0
360290001103021,29.0,72.0
360290001103022,29.0,72.0
360290001103023,29.0,72.0
360290001103024,28.0,72.0
360290001103025,29.0,72.0
360290001103026,28.0,72.0
360290001103027,28.0,72.0
360290001103028,28.0,72.0
360290001103029,28.0,72.0
360290001103030,28.0,72.0
360290001103031,28.0,72.0
360290001103032,29.0,72.0
360290001103033,29.0,72.0
360290001103034,29.0,72.0
360290001103035,29.0,72.0
360290001103036,29.0,72.0
360290001103037,28.0,72.0
360290001103038,28.0,72.0
360290001103039,28.0,72.0
360290001103040,28.0,72.0
360290001103041,28.0,72.0
360290001103042,28.0,72.0
360290001103043,28.0,72.0
360290001103044,28.0,72.0
360290001103045,28.0,72.0
360290001103046,28.0,72.0
360290001103047,28.0,72.0
360290001103048,28.0,72.0
360290001103049,28.0,72.0
360290001103050,28.0,72.0
360290001103051,28.0,72.0
360290001103052,28.0,72.0
360290001103053,28.0,72.0
360290001103054,28.0,72.0
360290001103055,29.0,72.0
360290001103056,29.0,72.0
360290001103057,29.0,72.0
360290002001000,28.0,72.0
360290002001001,29.0,72.0
360290002001002,28.0,72.0
360290002001003,28.0,72.0
360290002001004,28.0,72.0
360290002001005,28.0,72.0
360290002001006,28.0,72.0
360290002001007,28.0,72.0
360290002001008,28.0,72.0
360290002001009,28.0,72.0
360290002001010,28.0,72.0
360290002001011,28.0,72.0
360290002001012,28.0,72.0
360290002001013,28.0,72.0
360290002002000,28.0,72.0
360290002002001,28.0,72.0
360290002002002,28.0,72.0
360290002002003,28.0,72.0
360290002002004,28.0,72.0
360290002002005,28.0,72.0
360290002003000,28.0,72.0
360290002003001,28.0,72.0
360290002003002,28.0,72.0
360290002003003,28.0,72.0
360290002003004,28.0,72.0
360290002003005,28.0,72.0
360290002004000,29.0,72.0
360290002004001,29.0,72.0
360290002004002,29.0,72.0
360290002004003,28.0,72.0
360290002004004,28.0,72.0
360290002004005,28.0,72.0
360290002004006,28.0,72.0
360290002004007,28.0,72.0
360290002004008,28.0,72.0
360290002004009,28.0,72.0
360290002004010,28.0,72.0
360290005001000,29.0,87.0
360290005001001,29.0,87.0
360290005001002,29.0,87.0
360290005001003,29.0,87.0
360290005001004,29.0,87.0
360290005001005,29.0,87.0
360290005001006,29.0,87.0
360290005001007,29.0,87.0
360290005001008,29.0,87.0
360290005001009,29.0,87.0
360290005001010,29.0,87.0
360290005001011,29.0,87.0
360290005001012,29.0,87.0
360290005001013,29.0,87.0
360290005001014,29.0,87.0
360290005001015,29.0,87.0
360290005001016,29.0,87.0
360290005001017,29.0,87.0
360290005001018,29.0,87.0
360290005001019,29.0,87.0
360290005001020,29.0,87.0
360290005001021,29.0,87.0
360290005001022,29.0,87.0
360290005001023,29.0,87.0
360290005001024,29.0,85.0
360290005001025,29.0,85.0
360290005001026,29.0,85.0
360290005001027,29.0,85.0
360290005001028,29.0,85.0
360290005001032,29.0,85.0
360290005001038,29.0,85.0
360290005001039,29.0,85.0
360290005001040,29.0,85.0
360290005001041,29.0,85.0
360290005001042,29.0,85.0
360290005001043,29.0,85.0
360290005001044,29.0,87.0
360290005001045,29.0,87.0
360290005001046,29.0,87.0
360290005001047,29.0,72.0
360290005001048,29.0,87.0
360290005001049,29.0,87.0
360290005001050,29.0,85.0
360290005001051,29.0,85.0
360290005001052,29.0,85.0
360290005001053,29.0,85.0
360290005001054,29.0,85.0
360290005001055,29.0,85.0
360290005001056,29.0,87.0
360290005001057,29.0,72.0
360290005002000,29.0,87.0
360290005002001,29.0,87.0
360290005002002,29.0,87.0
360290005002003,29.0,87.0
360290005002004,29.0,87.0
360290005002005,29.0,85.0
360290005002006,29.0,85.0
360290005002007,29.0,85.0
360290005002008,29.0,87.0
360290005002009,29.0,87.0
360290005002010,29.0,87.0
360290005002011,29.0,87.0
360290005002012,29.0,87.0
360290005002013,29.0,87.0
360290005002014,29.0,87.0
360290005002015,29.0,87.0
360290005002016,29.0,87.0
360290005002017,29.0,87.0
360290005002018,29.0,87.0
360290005002019,29.0,87.0
360290006001000,28.0,72.0
360290006001001,28.0,72.0
360290006001002,28.0,72.0
360290006001003,28.0,72.0
360290006001004,28.0,72.0
360290006001005,28.0,72.0
360290006002000,28.0,72.0
360290006002001,28.0,72.0
360290006002002,28.0,72.0
360290006002003,28.0,72.0
360290006002004,28.0,72.0
360290006002005,28.0,72.0
360290006003000,28.0,72.0
360290006003001,28.0,72.0
360290006003002,28.0,72.0
360290006003003,28.0,72.0
360290006003004,28.0,72.0
360290006003005,28.0,72.0
360290006004000,28.0,72.0
360290006004001,28.0,72.0
360290006004002,28.0,72.0
360290006004003,28.0,72.0
360290006004004,28.0,72.0
360290006004005,28.0,72.0
360290006004006,28.0,72.0
360290007001000,28.0,72.0
360290007001001,28.0,72.0
360290007001002,28.0,72.0
360290007001003,28.0,72.0
360290007001004,28.0,72.0
360290007001005,28.0,72.0
360290007002000,28.0,72.0
360290007002001,28.0,72.0
360290007002002,28.0,72.0
360290007002003,28.0,72.0
360290007002004,28.0,72.0
360290007002005,28.0,72.0
360290007003000,28.0,72.0
360290007003001,28.0,72.0
360290007003002,28.0,72.0
360290007003003,28.0,72.0
360290007003004,28.0,72.0
360290007003005,28.0,72.0
360290007003006,28.0,72.0
360290007004000,28.0,72.0
360290007004001,28.0,72.0
360290007004002,28.0,72.0
360290007004003,28.0,72.0
360290007004004,28.0,72.0
360290007004005,28.0,72.0
360290007005000,28.0,72.0
360290007005001,28.0,72.0
360290007005002,28.0,72.0
360290007005003,28.0,72.0
360290007005004,28.0,72.0
360290007005005,28.0,72.0
360290007005006,28.0,72.0
360290008001000,28.0,72.0
360290008001001,28.0,72.0
360290008001002,28.0,72.0
360290008001003,28.0,72.0
360290008001004,28.0,72.0
360290008001005,28.0,72.0
360290008001006,28.0,72.0
360290008001007,28.0,72.0
360290008002000,28.0,72.0
360290008002001,28.0,72.0
360290008002002,28.0,72.0
360290008002003,28.0,72.0
360290008002004,28.0,72.0
360290008002005,28.0,72.0
360290008002006,28.0,72.0
360290008002007,28.0,72.0
360290008002008,28.0,72.0
360290008002009,28.0,72.0
360290008002010,28.0,72.0
360290008002011,28.0,72.0
360290008003000,28.0,72.0
360290008003001,28.0,72.0
360290008003002,28.0,72.0
360290008003003,28.0,72.0
360290008003004,28.0,72.0
360290008003005,28.0,72.0
360290008003006,28.0,72.0
360290008003007,28.0,72.0
360290008003008,28.0,72.0
360290008003009,28.0,72.0
360290008003010,28.0,72.0
360290008003011,28.0,72.0
360290008004000,28.0,72.0
360290008004001,28.0,72.0
360290008004002,28.0,72.0
360290008004003,28.0,72.0
360290008004004,28.0,72.0
360290008004005,28.0,72.0
360290009001000,28.0,72.0
360290009001001,28.0,72.0
360290009001002,28.0,72.0
360290009001003,28.0,72.0
360290009001004,28.0,72.0
360290009001005,28.0,72.0
360290009001006,28.0,72.0
360290009002000,28.0,72.0
360290009002001,28.0,72.0
360290009002002,28.0,72.0
360290009002003,28.0,72.0
360290009002004,28.0,72.0
360290009002005,28.0,72.0
360290009002006,28.0,72.0
360290009002007,28.0,72.0
360290009002008,28.0,72.0
360290009002009,28.0,72.0
360290009002010,28.0,72.0
360290009002011,28.0,72.0
360290009003000,28.0,72.0
360290009003001,28.0,72.0
360290009003002,28.0,72.0
360290009003003,28.0,72.0
360290009003004,28.0,72.0
360290009003005,28.0,72.0
360290009003006,28.0,72.0
360290009003007,28.0,72.0
360290009003008,28.0,72.0
360290009003009,28.0,72.0
360290010001000,28.0,72.0
360290010001001,28.0,72.0
360290010001002,28.0,72.0
360290010001003,28.0,72.0
360290010001004,28.0,72.0
360290010001005,28.0,72.0
360290010001006,28.0,72.0
360290010001007,28.0,72.0
360290010001008,28.0,72.0
360290010001009,28.0,72.0
360290010001010,28.0,72.0
360290010001011,28.0,72.0
360290010001012,28.0,72.0
360290010001013,28.0,72.0
360290010001014,28.0,72.0
360290010002000,28.0,72.0
360290010002001,28.0,72.0
360290010002002,28.0,72.0
360290010002003,28.0,72.0
360290010002004,28.0,72.0
360290010003000,28.0,72.0
360290010003001,28.0,72.0
360290010003002,28.0,72.0
360290010003003,28.0,72.0
360290010003004,28.0,72.0
360290010003005,28.0,72.0
360290010003006,28.0,72.0
360290010003007,28.0,72.0
360290010003008,28.0,72.0
360290010003009,28.0,72.0
360290010003010,28.0,72.0
360290010004000,28.0,72.0
360290010004001,28.0,72.0
360290010004002,28.0,72.0
360290010004003,28.0,72.0
360290010004004,28.0,72.0
360290010004005,28.0,72.0
360290010004006,28.0,72.0
360290010004007,28.0,72.0
360290010004008,28.0,72.0
360290010005000,28.0,72.0
360290010005001,28.0,72.0
360290010005002,28.0,72.0
360290010005003,28.0,72.0
360290010005004,28.0,72.0
360290010005005,28.0,72.0
360290010005006,28.0,72.0
360290010005007,28.0,72.0
360290010005008,28.0,72.0
360290010005009,28.0,72.0
360290010005010,28.0,72.0
360290010005011,28.0,72.0
360290011001000,28.0,86.0
360290011001001,28.0,86.0
360290011001002,28.0,72.0
360290011001003,28.0,72.0
360290011001004,28.0,72.0
360290011001005,28.0,86.0
360290011001006,28.0,86.0
360290011001007,28.0,72.0
360290011001008,28.0,72.0
360290011001009,28.0,72.0
360290011001010,28.0,72.0
360290011002000,28.0,72.0
360290011002001,28.0,72.0
360290011002002,28.0,72.0
360290011002003,28.0,72.0
360290011002004,28.0,72.0
360290011002005,28.0,72.0
360290011003000,29.0,86.0
360290011003001,29.0,72.0
360290011003002,29.0,72.0
360290011003003,29.0,86.0
360290011003004,29.0,86.0
360290011003005,29.0,86.0
360290011003006,29.0,86.0
360290011003007,29.0,86.0
360290011003008,29.0,86.0
360290011003009,29.0,86.0
360290011003010,29.0,86.0
360290011003011,29.0,86.0
360290011003012,29.0,72.0
360290011003013,29.0,72.0
360290011003014,28.0,72.0
360290011003015,28.0,72.0
360290011003016,29.0,72.0
360290014031000,29.0,87.0
360290014031001,29.0,87.0
360290014031002,29.0,87.0
360290014031003,29.0,87.0
360290014031004,29.0,87.0
360290014031005,29.0,87.0
360290014031006,29.0,87.0
360290014031007,29.0,87.0
360290014032000,29.0,87.0
360290014032001,29.0,87.0
360290014032002,29.0,87.0
360290014032003,29.0,87.0
360290014032004,29.0,87.0
360290014032005,29.0,87.0
360290014032006,29.0,87.0
360290014032007,29.0,87.0
360290014032008,29.0,87.0
360290014032009,29.0,87.0
360290014032010,29.0,87.0
360290014032011,29.0,87.0
360290014032012,29.0,87.0
360290014041000,29.0,87.0
360290014041001,29.0,87.0
360290014041002,29.0,87.0
360290014041003,29.0,87.0
360290014042000,29.0,87.0
360290014042001,29.0,87.0
360290014042002,29.0,87.0
360290014042003,29.0,87.0
360290014042004,29.0,87.0
360290014042005,29.0,87.0
360290014042006,29.0,87.0
360290014042007,29.0,87.0
360290014042008,29.0,87.0
360290014042009,29.0,87.0
360290014042010,29.0,87.0
360290014042011,29.0,87.0
360290014042012,29.0,87.0
360290014042013,29.0,87.0
360290014042014,29.0,87.0
360290015001000,29.0,87.0
360290015001001,29.0,87.0
360290015001002,29.0,87.0
360290015001003,29.0,87.0
360290015001004,29.0,87.0
360290015001005,29.0,87.0
360290015001006,29.0,87.0
360290015001007,29.0,87.0
360290015001008,29.0,87.0
360290015001009,29.0,87.0
360290015001010,29.0,87.0
360290015001011,29.0,87.0
360290015001012,29.0,87.0
360290015001013,29.0,87.0
360290015001014,29.0,87.0
360290015001015,29.0,87.0
360290015001016,29.0,87.0
360290015001017,29.0,87.0
360290015001018,29.0,87.0
360290015001019,29.0,87.0
360290015001020,29.0,87.0
360290015001021,29.0,87.0
360290015001022,29.0,87.0
360290015001023,29.0,87.0
360290015001024,29.0,87.0
360290015001025,29.0,87.0
360290015001026,29.0,87.0
360290015001027,29.0,87.0
360290015001028,29.0,87.0
360290015001029,29.0,87.0
360290015001030,29.0,87.0
360290015001031,29.0,87.0
360290015002000,29.0,87.0
360290015002001,29.0,87.0
360290015002002,29.0,87.0
360290015002003,29.0,87.0
360290015002004,33.0,87.0
360290015002005,29.0,87.0
360290015002006,33.0,87.0
360290015002007,29.0,87.0
360290015002008,33.0,87.0
360290015002009,29.0,87.0
360290015002010,29.0,87.0
360290015002011,29.0,87.0
360290015002012,29.0,87.0
360290015002013,29.0,87.0
360290015002014,29.0,87.0
360290015002015,29.0,87.0
360290015003000,29.0,87.0
360290015003001,29.0,87.0
360290015003002,29.0,87.0
360290015003003,29.0,87.0
360290015003004,29.0,87.0
360290015003005,29.0,87.0
360290015003006,29.0,87.0
360290015003007,29.0,87.0
360290015003008,29.0,87.0
360290015003009,29.0,87.0
360290015003010,29.0,87.0
360290015003011,29.0,87.0
360290015003012,29.0,87.0
360290015003013,29.0,87.0
360290016011000,29.0,87.0
360290016011001,29.0,87.0
360290016011002,32.0,87.0
360290016011003,32.0,87.0
360290016011004,32.0,87.0
360290016011005,32.0,87.0
360290016011006,32.0,87.0
360290016011007,32.0,87.0
360290016011008,32.0,87.0
360290016011009,32.0,87.0
360290016011010,32.0,87.0
360290016011011,32.0,87.0
360290016011012,32.0,87.0
360290016011013,32.0,87.0
360290016011014,32.0,87.0
360290016011015,32.0,87.0
360290016011016,29.0,87.0
360290016011017,32.0,87.0
360290016011018,32.0,87.0
360290016011019,32.0,87.0
360290016011020,32.0,87.0
360290016011021,32.0,87.0
360290016011022,32.0,87.0
360290016021000,32.0,87.0
360290016021001,32.0,87.0
360290016021002,32.0,87.0
360290016021003,32.0,87.0
360290016021004,32.0,87.0
360290016021005,32.0,87.0
360290016021006,29.0,87.0
360290016021007,29.0,87.0
360290016021008,29.0,87.0
360290016021009,29.0,87.0
360290016021010,29.0,87.0
360290016021011,29.0,87.0
360290016021012,29.0,87.0
360290016021013,29.0,87.0
360290016021014,32.0,87.0
360290016021015,32.0,87.0
360290016021016,32.0,87.0
360290016021017,32.0,87.0
360290016021018,32.0,87.0
360290016021019,32.0,87.0
360290016021020,29.0,87.0
360290016021021,29.0,87.0
360290016021022,29.0,87.0
360290016021023,29.0,87.0
360290016021024,29.0,87.0
360290016021025,32.0,87.0
360290016021026,32.0,87.0
360290016021027,32.0,87.0
360290016021028,32.0,87.0
360290016021029,32.0,87.0
360290016021030,32.0,87.0
360290016021031,32.0,87.0
360290017001000,29.0,87.0
360290017001001,29.0,87.0
360290017001002,29.0,87.0
360290017001003,29.0,87.0
360290017001004,29.0,87.0
360290017001005,29.0,87.0
360290017001006,29.0,87.0
360290017001007,29.0,87.0
360290017001008,29.0,87.0
360290017001009,29.0,87.0
360290017001010,29.0,87.0
360290017001011,29.0,87.0
360290017001012,29.0,87.0
360290017001013,29.0,87.0
360290017001014,29.0,87.0
360290017001015,29.0,87.0
360290017001016,29.0,87.0
360290017001017,29.0,87.0
360290017001018,29.0,87.0
360290017001019,29.0,87.0
360290017001020,29.0,87.0
360290017001021,29.0,87.0
360290017001022,29.0,87.0
360290017001023,29.0,87.0
360290017002000,29.0,87.0
360290017002001,29.0,87.0
360290017002002,29.0,87.0
360290017002003,29.0,87.0
360290017002004,29.0,87.0
360290017002005,29.0,87.0
360290017002006,29.0,87.0
360290017002007,29.0,87.0
360290017002008,29.0,87.0
360290017002009,29.0,87.0
360290017002010,29.0,87.0
360290017002011,29.0,87.0
360290017002012,29.0,87.0
360290017002013,29.0,87.0
360290017002014,29.0,87.0
360290017002015,29.0,87.0
360290017002016,29.0,87.0
360290017002017,29.0,87.0
360290017002018,29.0,87.0
360290017002019,29.0,87.0
360290017002020,29.0,87.0
360290017002021,29.0,87.0
360290019001000,29.0,86.0
360290019001001,29.0,86.0
360290019001002,29.0,86.0
360290019001003,29.0,86.0
360290019001004,29.0,86.0
360290019001005,29.0,86.0
360290019001006,29.0,86.0
360290019001007,28.0,86.0
360290019001008,28.0,86.0
360290019002000,29.0,86.0
360290019002001,29.0,86.0
360290019002002,29.0,86.0
360290019002003,29.0,86.0
360290019002004,29.0,86.0
360290019002005,29.0,86.0
360290019002006,28.0,86.0
360290019002007,28.0,86.0
360290019002008,28.0,86.0
360290019002009,28.0,86.0
360290019002010,28.0,86.0
360290019002011,28.0,86.0
360290019003000,29.0,86.0
360290019003001,29.0,86.0
360290019003002,29.0,86.0
360290019003003,29.0,86.0
360290019003004,29.0,86.0
360290023001000,32.0,86.0
360290023001001,32.0,86.0
360290023001002,32.0,86.0
360290023001003,32.0,86.0
360290023001004,29.0,86.0
360290023001005,32.0,86.0
360290023001006,29.0,86.0
360290023001007,29.0,86.0
360290023001008,29.0,86.0
360290023001009,29.0,86.0
360290023001010,29.0,86.0
360290023002000,32.0,86.0
360290023002001,32.0,86.0
360290023002002,32.0,86.0
360290023002003,32.0,86.0
360290023002004,29.0,86.0
360290023002005,29.0,86.0
360290023003000,32.0,86.0
360290023003001,29.0,86.0
360290023003002,29.0,86.0
360290023003003,32.0,86.0
360290023003004,32.0,86.0
360290023003005,29.0,86.0
360290023004000,32.0,86.0
360290023004001,32.0,86.0
360290023004002,32.0,86.0
360290023004003,32.0,86.0
360290023004004,32.0,86.0
360290023004005,32.0,86.0
360290024001000,32.0,86.0
360290024001001,32.0,86.0
360290024001002,32.0,86.0
360290024001003,32.0,86.0
360290024001004,32.0,86.0
360290024001005,32.0,86.0
360290024001006,32.0,86.0
360290024002000,32.0,86.0
360290024002001,32.0,86.0
360290024002002,32.0,86.0
360290024002003,32.0,86.0
360290024002004,32.0,86.0
360290024002005,32.0,86.0
360290024002006,32.0,86.0
360290024003000,32.0,86.0
360290024003001,32.0,86.0
360290024003002,32.0,86.0
360290024003003,32.0,86.0
360290024003004,32.0,86.0
360290024003005,32.0,86.0
360290024003006,32.0,86.0
360290024003007,32.0,86.0
360290024003008,32.0,86.0
360290024003009,32.0,86.0
360290024003010,32.0,86.0
360290024003011,32.0,86.0
360290024003012,32.0,86.0
360290024003013,32.0,86.0
360290024004000,32.0,86.0
360290024004001,32.0,86.0
360290024004002,32.0,86.0
360290024004003,32.0,86.0
360290024004004,32.0,86.0
360290024004005,32.0,86.0
360290024004006,32.0,86.0
360290024004007,32.0,86.0
360290024004008,32.0,86.0
360290024004009,32.0,86.0
360290024004010,32.0,86.0
360290024005000,32.0,86.0
360290024005001,32.0,87.0
360290024005002,32.0,87.0
360290024005003,32.0,87.0
360290024005004,32.0,86.0
360290024005005,32.0,87.0
360290024005006,32.0,87.0
360290024005007,32.0,87.0
360290024005008,32.0,87.0
360290024005009,32.0,86.0
360290024005010,32.0,87.0
360290024005011,32.0,86.0
360290024005012,32.0,86.0
360290024005013,32.0,87.0
360290024005014,32.0,87.0
360290024005015,32.0,87.0
360290024005016,32.0,87.0
360290024005017,32.0,87.0
360290025021000,33.0,59.0
360290025021001,33.0,59.0
360290025021002,33.0,59.0
360290025021003,33.0,59.0
360290025021004,33.0,59.0
360290025021005,33.0,87.0
360290025021006,33.0,87.0
360290025021007,33.0,87.0
360290025021008,33.0,87.0
360290025021009,33.0,87.0
360290025021010,33.0,87.0
360290025021011,33.0,87.0
360290025021012,33.0,87.0
360290025021013,33.0,87.0
360290025021014,33.0,87.0
360290025021015,33.0,87.0
360290025021016,33.0,87.0
360290025021017,33.0,59.0
360290025021018,33.0,59.0
360290025022000,33.0,59.0
360290025022001,33.0,59.0
360290025022002,33.0,87.0
360290025022003,29.0,87.0
360290025022004,33.0,87.0
360290025022005,33.0,87.0
360290025022006,33.0,87.0
360290025022007,29.0,87.0
360290025022008,29.0,87.0
360290025022009,29.0,87.0
360290025022010,29.0,87.0
360290025022011,29.0,87.0
360290025022012,29.0,87.0
360290025023000,33.0,59.0
360290025023001,33.0,59.0
360290025023002,33.0,59.0
360290025023003,33.0,59.0
360290025023004,33.0,59.0
360290025023005,33.0,59.0
360290025023006,33.0,59.0
360290025023007,33.0,87.0
360290025023008,33.0,87.0
360290025023009,33.0,59.0
360290025023010,33.0,59.0
360290025023011,33.0,59.0
360290025023012,33.0,87.0
360290025023013,33.0,87.0
360290025023014,33.0,59.0
360290025023015,33.0,59.0
360290025023016,33.0,87.0
360290025023017,33.0,87.0
360290025023018,33.0,59.0
360290025023019,33.0,87.0
360290025023020,33.0,87.0
360290025023021,29.0,87.0
360290025023022,33.0,59.0
360290025023023,33.0,87.0
360290027031000,32.0,87.0
360290027031001,33.0,87.0
360290027031002,33.0,59.0
360290027031003,33.0,87.0
360290027031004,33.0,87.0
360290027031005,33.0,87.0
360290027031006,33.0,87.0
360290027031007,33.0,87.0
360290027031008,33.0,87.0
360290027031009,33.0,87.0
360290027031010,33.0,87.0
360290027031011,32.0,87.0
360290027031012,32.0,87.0
360290027031013,33.0,87.0
360290027031014,32.0,87.0
360290027031015,32.0,87.0
360290027031016,32.0,87.0
360290027041000,33.0,59.0
360290027041001,33.0,59.0
360290027041002,33.0,87.0
360290027041003,33.0,87.0
360290027041004,33.0,87.0
360290027041005,32.0,87.0
360290027042000,32.0,87.0
360290027042001,32.0,87.0
360290027042002,32.0,87.0
360290027042003,32.0,87.0
360290027042004,32.0,87.0
360290027042005,32.0,87.0
360290027043000,32.0,87.0
360290027043001,32.0,87.0
360290027043002,32.0,87.0
360290027043003,32.0,87.0
360290027043004,32.0,87.0
360290027043005,32.0,87.0
360290028011000,32.0,86.0
360290028011001,32.0,86.0
360290028011002,32.0,86.0
360290028011003,32.0,86.0
360290028011004,32.0,87.0
360290028011005,32.0,87.0
360290028011006,32.0,87.0
360290028011007,32.0,59.0
360290028011008,32.0,86.0
360290028011009,32.0,86.0
360290028011010,32.0,86.0
360290028012000,32.0,86.0
360290028012001,32.0,86.0
360290028012002,32.0,86.0
360290028012003,32.0,86.0
360290028012004,32.0,86.0
360290028021000,32.0,86.0
360290028021001,32.0,86.0
360290028021002,32.0,70.0
360290028021003,32.0,70.0
360290028021004,32.0,70.0
360290028021005,32.0,70.0
360290028021006,32.0,59.0
360290028021007,32.0,59.0
360290028021008,32.0,59.0
360290028021009,32.0,59.0
360290028021010,32.0,59.0
360290028021011,32.0,59.0
360290028021012,33.0,59.0
360290028021013,33.0,59.0
360290028021014,32.0,59.0
360290028021015,32.0,59.0
360290028021016,32.0,70.0
360290028021017,32.0,86.0
360290028021018,32.0,86.0
360290028021019,32.0,86.0
360290029001000,32.0,86.0
360290029001001,32.0,70.0
360290029001002,32.0,70.0
360290029001003,32.0,70.0
360290029001004,32.0,70.0
360290029001005,32.0,86.0
360290029002000,32.0,70.0
360290029002001,32.0,70.0
360290029002002,32.0,70.0
360290029002003,32.0,70.0
360290029002004,32.0,70.0
360290029002005,32.0,70.0
360290029002006,32.0,70.0
360290029003000,32.0,59.0
360290029003001,32.0,59.0
360290029003002,32.0,59.0
360290029003003,32.0,59.0
360290029003004,32.0,59.0
360290029003005,32.0,59.0
360290029004000,32.0,59.0
360290029004001,32.0,59.0
360290029004002,32.0,59.0
360290029004003,32.0,59.0
360290029004004,33.0,59.0
360290029004005,33.0,59.0
360290029004006,32.0,59.0
360290030001000,32.0,86.0
360290030001001,32.0,86.0
360290030001002,32.0,86.0
360290030001003,32.0,86.0
360290030001004,32.0,86.0
360290030001005,32.0,86.0
360290030002000,32.0,86.0
360290030002001,32.0,86.0
360290030002002,32.0,86.0
360290030002003,32.0,86.0
360290030002004,32.0,86.0
360290030002005,32.0,86.0
360290030002006,32.0,86.0
360290030002007,32.0,86.0
360290030002008,32.0,86.0
360290030002009,32.0,86.0
360290030002010,32.0,86.0
360290030002011,32.0,86.0
360290030002012,32.0,86.0
360290030002013,32.0,86.0
360290030003000,32.0,86.0
360290030003001,32.0,86.0
360290030003002,32.0,86.0
360290030003003,32.0,86.0
360290030003004,32.0,86.0
360290031001000,33.0,59.0
360290031001001,33.0,59.0
360290031001002,33.0,59.0
360290031001003,33.0,59.0
360290031001004,33.0,59.0
360290031001005,33.0,59.0
360290031001006,33.0,59.0
360290031001007,33.0,59.0
360290031001008,33.0,59.0
360290031001009,33.0,59.0
360290031001010,33.0,59.0
360290031001011,33.0,59.0
360290031001012,33.0,59.0
360290031001013,33.0,59.0
360290031001014,33.0,59.0
360290031001015,33.0,59.0
360290031001016,33.0,59.0
360290031001017,33.0,59.0
360290031001018,33.0,59.0
360290031001019,33.0,59.0
360290031001020,33.0,59.0
360290031002000,33.0,59.0
360290031002001,33.0,59.0
360290031002002,33.0,59.0
360290031002003,33.0,59.0
360290031002004,33.0,59.0
360290031002005,33.0,59.0
360290031002006,33.0,59.0
360290031002007,33.0,59.0
360290031002008,33.0,59.0
360290031002009,33.0,59.0
360290031002010,33.0,59.0
360290031002011,33.0,59.0
360290031002012,33.0,59.0
360290031002013,33.0,59.0
360290031002014,33.0,59.0
360290031002015,33.0,59.0
360290031002016,33.0,59.0
360290031002017,33.0,59.0
360290031002018,33.0,59.0
360290031003000,33.0,59.0
360290031003001,33.0,59.0
360290031003002,33.0,59.0
360290031003003,33.0,59.0
360290031003004,33.0,59.0
360290031003005,33.0,59.0
360290031003006,33.0,59.0
360290031003007,33.0,59.0
360290031003008,33.0,59.0
360290031003009,33.0,59.0
360290031003010,33.0,59.0
360290031003011,33.0,59.0
360290031003012,33.0,59.0
360290031003013,33.0,59.0
360290031003014,33.0,59.0
360290031003015,33.0,59.0
360290031003016,33.0,59.0
360290031003017,33.0,59.0
360290031003018,33.0,59.0
360290031004000,33.0,59.0
360290031004001,33.0,60.0
360290031004002,33.0,59.0
360290031004003,33.0,59.0
360290031004004,33.0,59.0
360290031004005,33.0,59.0
360290031004006,33.0,60.0
360290031004007,33.0,60.0
360290031004008,33.0,60.0
360290031004009,33.0,59.0
360290031004010,33.0,59.0
360290031004011,33.0,59.0
360290031004012,33.0,60.0
360290031004013,33.0,60.0
360290031004014,33.0,59.0
360290031004015,33.0,59.0
360290031004016,33.0,60.0
360290031004017,33.0,59.0
360290031004018,33.0,59.0
360290033011000,21.0,59.0
360290033011001,21.0,59.0
360290033011002,21.0,59.0
360290033011003,21.0,59.0
360290033012000,21.0,59.0
360290033012001,21.0,59.0
360290033012002,21.0,59.0
360290033012003,21.0,59.0
360290033012004,21.0,59.0
360290033012005,21.0,59.0
360290033012006,21.0,59.0
360290033012007,21.0,59.0
360290033012008,21.0,59.0
360290033012009,21.0,59.0
360290033012010,21.0,59.0
360290033012011,21.0,59.0
360290033013000,21.0,59.0
360290033013001,21.0,59.0
360290033013002,21.0,59.0
360290033013003,21.0,59.0
360290033013004,21.0,59.0
360290033013005,21.0,59.0
360290033013006,21.0,59.0
360290033014000,21.0,59.0
360290033014001,21.0,59.0
360290033014002,21.0,59.0
360290033014003,21.0,59.0
360290033014004,21.0,59.0
360290033021000,33.0,59.0
360290033021001,33.0,59.0
360290033021002,33.0,59.0
360290033021003,33.0,59.0
360290033021004,33.0,59.0
360290033021005,33.0,59.0
360290033021006,33.0,59.0
360290033021007,33.0,59.0
360290033021008,33.0,59.0
360290033021009,33.0,59.0
360290033021010,33.0,59.0
360290033021011,33.0,59.0
360290033021012,33.0,59.0
360290033022000,33.0,59.0
360290033022001,33.0,59.0
360290033022002,33.0,59.0
360290033022003,33.0,59.0
360290033022004,33.0,59.0
360290033022005,33.0,59.0
360290033022006,33.0,59.0
360290033022007,33.0,59.0
360290033022008,33.0,59.0
360290033022009,33.0,59.0
360290033022010,33.0,59.0
360290033022011,33.0,59.0
360290033022012,33.0,59.0
360290033022013,33.0,59.0
360290033022014,33.0,59.0
360290033023000,21.0,59.0
360290033023001,21.0,59.0
360290033023002,21.0,59.0
360290033023003,21.0,59.0
360290033023004,21.0,59.0
360290033023005,27.0,59.0
360290033023006,21.0,59.0
360290033023007,33.0,59.0
360290033023008,21.0,59.0
360290033023009,21.0,59.0
360290033023010,33.0,59.0
360290033023011,21.0,59.0
360290033023012,33.0,59.0
360290033023013,33.0,59.0
360290033023014,33.0,59.0
360290033023015,33.0,59.0
360290033024000,33.0,59.0
360290033024001,33.0,59.0
360290033024002,33.0,59.0
360290033024003,33.0,59.0
360290033024004,33.0,59.0
360290033024005,33.0,59.0
360290034001000,21.0,59.0
360290034001001,21.0,59.0
360290034001002,21.0,59.0
360290034001003,33.0,59.0
360290034001004,33.0,59.0
360290034001005,33.0,59.0
360290034002000,21.0,59.0
360290034002001,21.0,59.0
360290034002002,21.0,59.0
360290034002003,21.0,59.0
360290034002004,33.0,59.0
360290034002005,33.0,59.0
360290034003000,21.0,59.0
360290034003001,21.0,59.0
360290034003002,21.0,59.0
360290034003003,21.0,59.0
360290034003004,21.0,59.0
360290034003005,21.0,59.0
360290034003006,21.0,59.0
360290034004000,21.0,59.0
360290034004001,21.0,59.0
360290034004002,21.0,59.0
360290034004003,21.0,59.0
360290034005000,21.0,59.0
360290034005001,21.0,59.0
360290034005002,21.0,59.0
360290034005003,21.0,59.0
360290034005004,21.0,59.0
360290034005005,21.0,59.0
360290034005006,21.0,59.0
360290034005007,21.0,59.0
360290034005008,21.0,59.0
360290034005009,21.0,59.0
360290034005010,21.0,59.0
360290034005011,21.0,59.0
360290034005012,21.0,59.0
360290034005013,21.0,59.0
360290034005014,21.0,59.0
360290034005015,21.0,59.0
360290034005016,21.0,59.0
360290034005017,21.0,59.0
360290035011000,33.0,59.0
360290035011001,33.0,59.0
360290035011002,33.0,59.0
360290035011003,33.0,59.0
360290035011004,33.0,59.0
360290035011005,33.0,59.0
360290035011006,33.0,59.0
360290035011007,33.0,59.0
360290035011008,33.0,59.0
360290035011009,33.0,59.0
360290035011010,33.0,59.0
360290035011011,33.0,59.0
360290035011012,33.0,59.0
360290035011013,33.0,59.0
360290035011014,33.0,59.0
360290035011015,33.0,59.0
360290035011016,33.0,59.0
360290035011017,33.0,59.0
360290035012000,33.0,59.0
360290035012001,33.0,59.0
360290035012002,33.0,59.0
360290035012003,33.0,59.0
360290035012004,33.0,59.0
360290035012005,33.0,59.0
360290035012006,33.0,59.0
360290035012007,33.0,59.0
360290035012008,33.0,59.0
360290035012009,33.0,59.0
360290035012010,33.0,59.0
360290035021000,21.0,59.0
360290035021001,21.0,59.0
360290035021002,21.0,59.0
360290035021003,21.0,59.0
360290035021004,21.0,59.0
360290035021005,33.0,59.0
360290035021006,21.0,59.0
360290035021007,21.0,59.0
360290035021008,21.0,59.0
360290035021009,21.0,59.0
360290035022000,33.0,59.0
360290035022001,33.0,59.0
360290035022002,33.0,59.0
360290035022003,33.0,59.0
360290035022004,33.0,59.0
360290035022005,33.0,59.0
360290035022006,33.0,59.0
360290035022007,33.0,59.0
360290035022008,33.0,59.0
360290035022009,33.0,59.0
360290035022010,33.0,59.0
360290035022011,33.0,59.0
360290035022012,33.0,59.0
360290035022013,33.0,59.0
360290035022014,33.0,59.0
360290035022015,33.0,59.0
360290035022016,33.0,59.0
360290035022017,33.0,59.0
360290035022018,33.0,59.0
360290035022019,33.0,59.0
360290035022020,33.0,59.0
360290035022021,33.0,59.0
360290035022022,33.0,59.0
360290036001000,21.0,70.0
360290036001001,21.0,70.0
360290036001002,32.0,70.0
360290036001003,21.0,70.0
360290036001004,32.0,70.0
360290036001005,32.0,70.0
360290036001006,32.0,70.0
360290036001007,32.0,70.0
360290036001008,32.0,70.0
360290036001009,32.0,70.0
360290036001010,32.0,70.0
360290036002000,32.0,59.0
360290036002001,33.0,59.0
360290036002002,33.0,59.0
360290036003000,32.0,70.0
360290036003001,32.0,70.0
360290036003002,32.0,70.0
360290036003003,32.0,70.0
360290036003004,32.0,59.0
360290036003005,32.0,70.0
360290036003006,32.0,70.0
360290036003007,32.0,70.0
360290036003008,32.0,70.0
360290036003009,32.0,70.0
360290036004000,21.0,70.0
360290036004001,21.0,70.0
360290036004002,21.0,70.0
360290036004003,21.0,70.0
360290036004004,21.0,70.0
360290036004005,33.0,70.0
360290036004006,33.0,70.0
360290036004007,33.0,59.0
360290036004008,33.0,70.0
360290036004009,33.0,70.0
360290036004010,32.0,70.0
360290036004011,32.0,70.0
360290036004012,33.0,70.0
360290036004013,33.0,59.0
360290036004014,33.0,59.0
360290037001000,32.0,86.0
360290037001001,32.0,86.0
360290037001002,32.0,86.0
360290037001003,32.0,70.0
360290037001004,32.0,86.0
360290037001005,32.0,86.0
360290037001006,32.0,70.0
360290037002000,32.0,86.0
360290037002001,32.0,86.0
360290037002002,32.0,86.0
360290037002003,32.0,70.0
360290037002004,32.0,86.0
360290037002005,32.0,86.0
360290037002006,32.0,86.0
360290037002007,32.0,86.0
360290037003000,32.0,86.0
360290037003001,32.0,70.0
360290037003002,21.0,70.0
360290037003003,21.0,70.0
360290037003004,32.0,70.0
360290037003005,32.0,70.0
360290037004000,32.0,70.0
360290037004001,32.0,70.0
360290037004002,32.0,70.0
360290037004003,32.0,70.0
360290037004004,32.0,70.0
360290037004005,32.0,70.0
360290037004006,32.0,70.0
360290037004007,32.0,70.0
360290037004008,32.0,70.0
360290037004009,32.0,70.0
360290037004010,32.0,70.0
360290037004011,32.0,70.0
360290038001000,32.0,86.0
360290038001001,32.0,86.0
360290038001002,32.0,86.0
360290038001003,32.0,86.0
360290038001004,32.0,86.0
360290038001005,32.0,86.0
360290038001006,32.0,86.0
360290038002000,32.0,86.0
360290038002001,32.0,86.0
360290038002002,32.0,86.0
360290038002003,32.0,86.0
360290038002004,32.0,86.0
360290038002005,32.0,86.0
360290038003000,32.0,86.0
360290038003001,32.0,86.0
360290038003002,32.0,86.0
360290038003003,32.0,86.0
360290038003004,32.0,86.0
360290039011000,21.0,71.0
360290039011001,21.0,71.0
360290039011002,21.0,71.0
360290039011003,21.0,71.0
360290039011004,21.0,71.0
360290039011005,21.0,71.0
360290039011006,21.0,71.0
360290039011007,21.0,71.0
360290039011008,21.0,71.0
360290039011009,21.0,70.0
360290039011010,21.0,70.0
360290039011011,21.0,71.0
360290039011012,21.0,71.0
360290039011013,21.0,71.0
360290039011014,21.0,71.0
360290039011015,21.0,71.0
360290039011016,21.0,71.0
360290039011017,21.0,71.0
360290039011018,21.0,71.0
360290039011019,21.0,70.0
360290040021000,21.0,71.0
360290040021001,21.0,71.0
360290040021002,21.0,59.0
360290040021003,21.0,71.0
360290040021004,21.0,71.0
360290040021005,21.0,59.0
360290040021006,21.0,59.0
360290040021007,21.0,59.0
360290040021008,21.0,59.0
360290040021009,21.0,59.0
360290040021010,21.0,59.0
360290040021011,21.0,59.0
360290040021012,21.0,59.0
360290040021013,21.0,59.0
360290040021014,21.0,59.0
360290040021015,21.0,59.0
360290040022000,21.0,71.0
360290040022001,21.0,71.0
360290040022002,21.0,71.0
360290040022003,21.0,71.0
360290040022004,21.0,71.0
360290040022005,21.0,71.0
360290040022006,21.0,71.0
360290040031000,21.0,71.0
360290040031001,21.0,71.0
360290040031002,21.0,71.0
360290040031003,21.0,71.0
360290040031004,21.0,71.0
360290040031005,21.0,71.0
360290040031006,21.0,71.0
360290040031007,21.0,71.0
360290040032000,21.0,71.0
360290040032001,21.0,71.0
360290040032002,21.0,71.0
360290040032003,21.0,71.0
360290040032004,21.0,71.0
360290040032005,21.0,71.0
360290040032006,21.0,71.0
360290040032007,21.0,71.0
360290040032008,21.0,59.0
360290040033000,21.0,71.0
360290040033001,21.0,71.0
360290040033002,21.0,71.0
360290040033003,21.0,71.0
360290040033004,21.0,71.0
360290040033005,21.0,71.0
360290040033006,21.0,71.0
360290040033007,21.0,71.0
360290040033008,21.0,71.0
360290040033009,21.0,71.0
360290040033010,21.0,71.0
360290041001000,21.0,70.0
360290041001001,21.0,70.0
360290041001002,21.0,70.0
360290041001003,21.0,70.0
360290041001004,21.0,70.0
360290041001005,21.0,70.0
360290041001006,21.0,70.0
360290041001007,21.0,70.0
360290041001008,21.0,70.0
360290041001009,21.0,70.0
360290041001010,21.0,70.0
360290041002000,21.0,86.0
360290041002001,21.0,70.0
360290041002002,21.0,86.0
360290041002003,21.0,70.0
360290041002004,21.0,86.0
360290041002005,21.0,86.0
360290041002006,21.0,86.0
360290041002007,21.0,70.0
360290041002008,21.0,70.0
360290041003000,21.0,70.0
360290041003001,21.0,70.0
360290041003002,21.0,70.0
360290041003003,21.0,70.0
360290041003004,21.0,70.0
360290041003005,21.0,70.0
360290041003006,21.0,70.0
360290041004000,20.0,86.0
360290041004001,21.0,86.0
360290041004002,21.0,86.0
360290041004003,20.0,86.0
360290041004004,21.0,86.0
360290042001000,20.0,70.0
360290042001001,20.0,70.0
360290042001002,20.0,70.0
360290042001003,20.0,70.0
360290042001004,20.0,70.0
360290042001005,20.0,70.0
360290042002000,20.0,70.0
360290042002001,20.0,70.0
360290042002002,20.0,70.0
360290042002003,20.0,70.0
360290042002004,20.0,70.0
360290042002005,20.0,70.0
360290042003000,20.0,70.0
360290042003001,20.0,70.0
360290042003002,20.0,70.0
360290042003003,20.0,70.0
360290042003004,21.0,70.0
360290042003005,21.0,70.0
360290042003006,21.0,70.0
360290042004000,20.0,70.0
360290042004001,20.0,70.0
360290042004002,20.0,70.0
360290042004003,20.0,70.0
360290042005000,20.0,70.0
360290042005001,20.0,70.0
360290042005002,20.0,70.0
360290042005003,20.0,70.0
360290042005004,20.0,70.0
360290042005005,20.0,70.0
360290042005006,20.0,70.0
360290042005007,20.0,70.0
360290043001000,20.0,70.0
360290043001001,20.0,70.0
360290043001002,20.0,70.0
360290043001003,20.0,70.0
360290043001004,20.0,70.0
360290043001005,20.0,70.0
360290043002000,20.0,70.0
360290043002001,20.0,70.0
360290043002002,20.0,70.0
360290043002003,20.0,70.0
360290043002004,20.0,70.0
360290043002005,20.0,70.0
360290043003000,20.0,70.0
360290043003001,20.0,70.0
360290043003002,20.0,70.0
360290043003003,20.0,70.0
360290043003004,20.0,70.0
360290043003005,20.0,70.0
360290043004000,20.0,70.0
360290043004001,20.0,70.0
360290043004002,20.0,70.0
360290043004003,20.0,70.0
360290043004004,20.0,70.0
360290043004005,20.0,70.0
360290043004006,20.0,70.0
360290043004007,20.0,70.0
360290043004008,20.0,70.0
360290043005000,20.0,70.0
360290043005001,20.0,70.0
360290043005002,20.0,70.0
360290043005003,20.0,70.0
360290043005004,20.0,70.0
360290043005005,20.0,70.0
360290043006000,20.0,70.0
360290043006001,20.0,70.0
360290043006002,20.0,70.0
360290043006003,20.0,70.0
360290043006004,20.0,70.0
360290043006005,20.0,70.0
360290043006006,20.0,70.0
360290043006007,20.0,70.0
360290043006008,20.0,70.0
360290043006009,20.0,70.0
360290043006010,20.0,70.0
360290043007000,20.0,70.0
360290043007001,20.0,70.0
360290043007002,20.0,70.0
360290043007003,20.0,70.0
360290043007004,20.0,70.0
360290043007005,20.0,70.0
360290044011000,20.0,70.0
360290044011001,20.0,70.0
360290044011002,20.0,70.0
360290044011003,20.0,70.0
360290044011004,20.0,70.0
360290044011005,20.0,70.0
360290044012000,20.0,70.0
360290044012001,20.0,70.0
360290044012002,20.0,70.0
360290044012003,20.0,70.0
360290044012004,20.0,70.0
360290044012005,20.0,70.0
360290044012006,20.0,70.0
360290044012007,20.0,70.0
360290044012008,20.0,70.0
360290044013000,20.0,70.0
360290044013001,20.0,70.0
360290044013002,20.0,70.0
360290044013003,20.0,70.0
360290044013004,20.0,70.0
360290044013005,20.0,70.0
360290044013006,20.0,70.0
360290044013007,20.0,70.0
360290044013008,20.0,70.0
360290044013009,20.0,70.0
360290044014000,20.0,70.0
360290044014001,20.0,70.0
360290044014002,20.0,70.0
360290044014003,20.0,70.0
360290044014004,20.0,70.0
360290044014005,20.0,70.0
360290044021000,20.0,70.0
360290044021001,20.0,70.0
360290044021002,20.0,86.0
360290044021003,20.0,86.0
360290044021004,20.0,86.0
360290044021005,20.0,86.0
360290044021006,21.0,86.0
360290044021007,20.0,86.0
360290044022000,20.0,70.0
360290044022001,20.0,70.0
360290044022002,20.0,70.0
360290044022003,20.0,70.0
360290044022004,20.0,70.0
360290044022005,21.0,70.0
360290044022006,21.0,86.0
360290044022007,21.0,86.0
360290044022008,21.0,70.0
360290044022009,21.0,70.0
360290045001000,14.0,71.0
360290045001001,14.0,71.0
360290045001002,14.0,71.0
360290045001003,14.0,71.0
360290045001004,14.0,71.0
360290045001005,14.0,71.0
360290045001006,14.0,71.0
360290045001007,20.0,71.0
360290045001008,20.0,71.0
360290045001009,20.0,71.0
360290045001010,20.0,71.0
360290045001011,20.0,71.0
360290045002000,20.0,71.0
360290045002001,20.0,71.0
360290045002002,20.0,71.0
360290045002003,20.0,71.0
360290045002004,20.0,71.0
360290045002005,20.0,71.0
360290045002006,21.0,71.0
360290045002007,21.0,71.0
360290045002008,21.0,71.0
360290045002009,20.0,71.0
360290045003000,14.0,71.0
360290045003001,14.0,71.0
360290045003002,14.0,71.0
360290045003003,14.0,71.0
360290045003004,14.0,71.0
360290045003005,14.0,71.0
360290045003006,14.0,71.0
360290045003007,14.0,71.0
360290045003008,14.0,71.0
360290045003009,20.0,71.0
360290045003010,20.0,71.0
360290045003011,14.0,71.0
360290045003012,20.0,71.0
360290045003013,14.0,71.0
360290045003014,14.0,71.0
360290045003015,14.0,71.0
360290045004000,20.0,71.0
360290045004001,21.0,71.0
360290045004002,21.0,71.0
360290045004003,21.0,71.0
360290045004004,21.0,71.0
360290045004005,21.0,71.0
360290045004006,21.0,71.0
360290045004007,21.0,71.0
360290045004008,21.0,71.0
360290045004009,20.0,71.0
360290045004010,21.0,71.0
360290045004011,21.0,71.0
360290045004012,21.0,71.0
360290045004013,21.0,71.0
360290045004014,21.0,71.0
360290045004015,21.0,71.0
360290045004016,21.0,71.0
360290045004017,21.0,71.0
360290045004018,21.0,71.0
360290045005000,20.0,71.0
360290045005001,20.0,71.0
360290045005002,20.0,71.0
360290045005003,20.0,71.0
360290045005004,20.0,71.0
360290045005005,14.0,71.0
360290045005006,20.0,71.0
360290045005007,20.0,71.0
360290045005008,14.0,71.0
360290045005009,14.0,71.0
360290045005010,20.0,71.0
360290045005011,20.0,71.0
360290045005012,20.0,71.0
360290045006000,20.0,71.0
360290045006001,20.0,71.0
360290045006002,20.0,71.0
360290045006003,20.0,71.0
360290045006004,20.0,71.0
360290045006005,20.0,71.0
360290045006006,20.0,71.0
360290045006007,20.0,71.0
360290045006008,20.0,71.0
360290046011000,14.0,71.0
360290046011001,14.0,71.0
360290046011002,14.0,71.0
360290046011003,20.0,71.0
360290046011004,20.0,71.0
360290046011005,20.0,71.0
360290046011006,20.0,71.0
360290046011007,20.0,71.0
360290046012000,20.0,71.0
360290046012001,20.0,71.0
360290046012002,20.0,71.0
360290046012003,20.0,71.0
360290046012004,20.0,71.0
360290046012005,20.0,71.0
360290046012006,20.0,71.0
360290046012007,20.0,71.0
360290046012008,20.0,71.0
360290046013000,20.0,71.0
360290046013001,20.0,71.0
360290046013002,20.0,71.0
360290046013003,20.0,71.0
360290046013004,20.0,71.0
360290046013005,20.0,71.0
360290046013006,20.0,71.0
360290046013007,20.0,71.0
360290046013008,20.0,71.0
360290046013009,20.0,71.0
360290046013010,20.0,71.0
360290046014000,20.0,70.0
360290046014001,20.0,70.0
360290046014002,20.0,71.0
360290046014003,20.0,71.0
360290046014004,20.0,71.0
360290046014005,20.0,71.0
360290046014006,20.0,71.0
360290046014007,20.0,71.0
360290046014008,20.0,71.0
360290046014009,20.0,71.0
360290046014010,20.0,71.0
360290046014011,20.0,71.0
360290046014012,20.0,71.0
360290047011000,20.0,70.0
360290047011001,20.0,70.0
360290047011002,20.0,70.0
360290047011003,20.0,70.0
360290047011004,20.0,70.0
360290047011005,20.0,70.0
360290047011006,20.0,70.0
360290047012000,20.0,70.0
360290047012001,20.0,70.0
360290047012002,20.0,70.0
360290047012003,20.0,70.0
360290047012004,20.0,70.0
360290047012005,20.0,70.0
360290047012006,20.0,70.0
360290047012007,20.0,70.0
360290047021000,20.0,70.0
360290047021001,20.0,70.0
360290047021002,20.0,70.0
360290047021003,20.0,71.0
360290047021004,20.0,70.0
360290047021005,20.0,70.0
360290047021006,20.0,70.0
360290047021007,20.0,70.0
360290047022000,20.0,71.0
360290047022001,20.0,71.0
360290047022002,20.0,71.0
360290047022003,20.0,71.0
360290047022004,20.0,71.0
360290047022005,20.0,71.0
360290047022006,20.0,71.0
360290047022007,20.0,71.0
360290047022008,20.0,70.0
360290047022009,20.0,70.0
360290047022010,20.0,70.0
360290047023000,20.0,71.0
360290047023001,20.0,71.0
360290047023002,20.0,71.0
360290047023003,20.0,71.0
360290047023004,20.0,71.0
360290048001000,14.0,71.0
360290048001001,14.0,71.0
360290048001002,14.0,71.0
360290048001003,14.0,71.0
360290048001004,14.0,71.0
360290048001005,14.0,71.0
360290048001006,14.0,71.0
360290048001007,14.0,71.0
360290048002000,14.0,71.0
360290048002001,14.0,71.0
360290048002002,14.0,71.0
360290048002003,14.0,71.0
360290048002004,14.0,71.0
360290048002005,14.0,71.0
360290048002006,14.0,71.0
360290048002007,14.0,71.0
360290048002008,14.0,71.0
360290048002009,14.0,71.0
360290048002010,21.0,71.0
360290048002011,21.0,71.0
360290048002012,21.0,71.0
360290048002013,21.0,71.0
360290048002014,21.0,71.0
360290048003000,14.0,71.0
360290048003001,14.0,71.0
360290048003002,14.0,71.0
360290048003003,14.0,71.0
360290048003004,14.0,71.0
360290048003005,14.0,71.0
360290048003006,14.0,71.0
360290048003007,14.0,71.0
360290048003008,14.0,71.0
360290048003009,14.0,71.0
360290048003010,14.0,71.0
360290048003011,14.0,71.0
360290048003012,14.0,71.0
360290048003013,14.0,71.0
360290049011000,14.0,71.0
360290049011001,14.0,71.0
360290049011002,14.0,71.0
360290049011003,14.0,60.0
360290049011004,14.0,60.0
360290049011005,14.0,71.0
360290049012000,14.0,71.0
360290049012001,14.0,60.0
360290049012002,14.0,60.0
360290049012003,14.0,60.0
360290049012004,14.0,60.0
360290049021000,14.0,71.0
360290049021001,14.0,71.0
360290049021002,14.0,71.0
360290049021003,14.0,71.0
360290049021004,14.0,71.0
360290049021005,14.0,71.0
360290049021006,14.0,71.0
360290049022000,14.0,71.0
360290049022001,14.0,71.0
360290049022002,14.0,71.0
360290049022003,14.0,71.0
360290049022004,14.0,71.0
360290049022005,14.0,71.0
360290049022006,14.0,71.0
360290049023000,14.0,71.0
360290049023001,14.0,60.0
360290049023002,14.0,60.0
360290049023003,14.0,60.0
360290049023004,14.0,60.0
360290049023005,14.0,60.0
360290050001000,14.0,60.0
360290050001001,14.0,60.0
360290050001002,14.0,60.0
360290050001003,14.0,60.0
360290050001004,14.0,60.0
360290050001005,14.0,60.0
360290050002000,14.0,60.0
360290050002001,14.0,60.0
360290050002002,14.0,60.0
360290050002003,14.0,60.0
360290050002004,14.0,60.0
360290050002005,14.0,60.0
360290050003000,14.0,71.0
360290050003001,14.0,71.0
360290050003002,14.0,60.0
360290050003003,14.0,71.0
360290050003004,14.0,60.0
360290050003005,14.0,60.0
360290051001000,14.0,71.0
360290051001001,14.0,71.0
360290051001002,14.0,71.0
360290051001003,14.0,71.0
360290051001004,14.0,71.0
360290051001005,14.0,71.0
360290051001006,14.0,71.0
360290051001007,14.0,71.0
360290051001008,14.0,71.0
360290051001009,14.0,71.0
360290051001010,14.0,71.0
360290051001011,14.0,71.0
360290051001012,14.0,71.0
360290051001013,14.0,71.0
360290051002000,14.0,71.0
360290051002001,14.0,71.0
360290051002002,14.0,71.0
360290051002003,14.0,71.0
360290051003000,14.0,71.0
360290051003001,14.0,71.0
360290051003002,14.0,71.0
360290051003003,14.0,71.0
360290051003004,14.0,71.0
360290051003005,14.0,71.0
360290051004000,14.0,71.0
360290051004001,14.0,71.0
360290051004002,14.0,60.0
360290051004003,14.0,60.0
360290052011000,21.0,71.0
360290052011001,14.0,71.0
360290052011002,14.0,71.0
360290052011003,14.0,71.0
360290052011004,14.0,71.0
360290052011005,14.0,71.0
360290052011006,14.0,59.0
360290052011007,21.0,71.0
360290052011008,14.0,71.0
360290052012000,21.0,71.0
360290052012001,14.0,71.0
360290052012002,14.0,71.0
360290052012003,14.0,59.0
360290052012004,21.0,59.0
360290052012005,21.0,59.0
360290052013000,21.0,59.0
360290052013001,21.0,59.0
360290052013002,21.0,59.0
360290052013003,21.0,59.0
360290052013004,21.0,59.0
360290052013005,21.0,59.0
360290052013006,21.0,59.0
360290052013007,21.0,59.0
360290052013008,21.0,59.0
360290052013009,21.0,59.0
360290052014000,21.0,59.0
360290052014001,21.0,59.0
360290052014002,21.0,59.0
360290052014003,21.0,59.0
360290052014004,14.0,59.0
360290052014005,21.0,59.0
360290052014006,21.0,59.0
360290052021000,21.0,59.0
360290052021001,21.0,59.0
360290052021002,21.0,59.0
360290052021003,21.0,59.0
360290052021004,21.0,59.0
360290052021005,21.0,59.0
360290052021006,21.0,60.0
360290052021007,21.0,59.0
360290052021008,21.0,59.0
360290052021009,21.0,59.0
360290052021010,21.0,59.0
360290052022000,21.0,59.0
360290052022001,21.0,59.0
360290052022002,21.0,59.0
360290052022003,21.0,59.0
360290052022004,21.0,59.0
360290052022005,21.0,59.0
360290052022006,21.0,59.0
360290052022007,21.0,59.0
360290052022008,21.0,59.0
360290052022009,21.0,59.0
360290052022010,21.0,59.0
360290053001000,21.0,71.0
360290053001001,21.0,59.0
360290053001002,21.0,60.0
360290053001003,21.0,60.0
360290053001004,21.0,59.0
360290053001005,21.0,59.0
360290053001006,21.0,59.0
360290053001007,21.0,59.0
360290053001008,21.0,59.0
360290053001009,21.0,59.0
360290053001010,21.0,59.0
360290053001011,21.0,59.0
360290053001012,21.0,59.0
360290053001013,21.0,59.0
360290053001014,21.0,60.0
360290053001015,21.0,60.0
360290053002000,21.0,60.0
360290053002001,21.0,60.0
360290053002002,21.0,60.0
360290053002003,27.0,61.0
360290053002004,27.0,60.0
360290053002005,27.0,60.0
360290053002006,21.0,59.0
360290053002007,21.0,60.0
360290053002008,21.0,60.0
360290053002009,21.0,59.0
360290053002010,27.0,60.0
360290053002011,21.0,59.0
360290054001000,14.0,61.0
360290054001001,14.0,61.0
360290054001002,14.0,60.0
360290054001003,14.0,60.0
360290054001004,14.0,60.0
360290054001005,14.0,60.0
360290054001006,14.0,60.0
360290054001007,14.0,60.0
360290054001008,14.0,60.0
360290054001009,14.0,60.0
360290054001010,14.0,60.0
360290054001011,27.0,61.0
360290054001012,27.0,61.0
360290054001013,27.0,61.0
360290054001014,27.0,61.0
360290054002000,14.0,61.0
360290054002001,14.0,61.0
360290054002002,14.0,61.0
360290054002003,14.0,60.0
360290054002004,14.0,60.0
360290054002005,14.0,60.0
360290054002006,14.0,60.0
360290054003000,14.0,60.0
360290054003001,14.0,60.0
360290054003002,14.0,60.0
360290054003003,14.0,60.0
360290054003004,27.0,61.0
360290054003005,27.0,61.0
360290054003006,27.0,61.0
360290054003007,27.0,61.0
360290054004000,14.0,71.0
360290054004001,14.0,71.0
360290054004002,14.0,60.0
360290054004003,14.0,60.0
360290054004004,14.0,71.0
360290054004005,14.0,60.0
360290055001000,26.0,61.0
360290055001001,26.0,61.0
360290055001002,26.0,61.0
360290055001003,26.0,61.0
360290055001004,14.0,61.0
360290055001005,14.0,61.0
360290055001006,14.0,61.0
360290055002000,26.0,61.0
360290055002001,26.0,61.0
360290055002002,26.0,61.0
360290055002003,26.0,61.0
360290055002004,26.0,61.0
360290055003000,26.0,61.0
360290055003001,26.0,61.0
360290055003002,26.0,61.0
360290055003003,26.0,61.0
360290055003004,26.0,61.0
360290055003005,26.0,61.0
360290055003006,26.0,61.0
360290055003007,26.0,61.0
360290055003008,26.0,61.0
360290055003009,26.0,61.0
360290055003010,26.0,61.0
360290055003011,26.0,61.0
360290055003012,26.0,61.0
360290055004000,14.0,61.0
360290055004001,14.0,61.0
360290055004002,14.0,61.0
360290055004003,26.0,61.0
360290055004004,26.0,61.0
360290056001000,14.0,60.0
360290056001001,14.0,61.0
360290056001002,14.0,61.0
360290056001003,14.0,60.0
360290056001004,14.0,60.0
360290056001005,14.0,60.0
360290056001006,14.0,60.0
360290056002000,14.0,60.0
360290056002001,14.0,61.0
360290056002002,26.0,61.0
360290056002003,26.0,61.0
360290056002004,14.0,60.0
360290056002005,14.0,60.0
360290056002006,14.0,60.0
360290056002007,14.0,60.0
360290056002008,14.0,60.0
360290056002009,14.0,61.0
360290056003000,14.0,60.0
360290056003001,14.0,60.0
360290056003002,14.0,60.0
360290056003003,14.0,60.0
360290056003004,14.0,60.0
360290056003005,14.0,60.0
360290056003006,26.0,60.0
360290056003007,14.0,60.0
360290056003008,14.0,60.0
360290056003009,26.0,61.0
360290056003010,26.0,61.0
360290056004000,14.0,60.0
360290056004001,14.0,60.0
360290056004002,14.0,60.0
360290056004003,26.0,61.0
360290056004004,26.0,61.0
360290056004005,26.0,61.0
360290056004006,26.0,61.0
360290056005000,14.0,60.0
360290056005001,14.0,60.0
360290056005002,14.0,60.0
360290056005003,14.0,60.0
360290056005004,14.0,60.0
360290056005005,14.0,60.0
360290057001000,26.0,61.0
360290057001001,26.0,61.0
360290057001002,26.0,61.0
360290057001003,26.0,61.0
360290057001004,26.0,61.0
360290057002000,26.0,61.0
360290057002001,26.0,61.0
360290057002002,26.0,61.0
360290057002003,26.0,61.0
360290057002004,26.0,61.0
360290057002005,26.0,61.0
360290057002006,26.0,61.0
360290057003000,26.0,61.0
360290057003001,26.0,61.0
360290057003002,26.0,61.0
360290057003003,26.0,61.0
360290057003004,26.0,61.0
360290057003005,26.0,61.0
360290057003006,26.0,61.0
360290057003007,26.0,61.0
360290057003008,26.0,61.0
360290057003009,26.0,61.0
360290057003010,26.0,61.0
360290058011000,14.0,61.0
360290058011001,14.0,61.0
360290058011002,14.0,61.0
360290058011003,14.0,61.0
360290058011004,26.0,61.0
360290058011005,26.0,61.0
360290058011006,26.0,61.0
360290058011007,26.0,61.0
360290058011008,26.0,61.0
360290058011009,26.0,61.0
360290058011010,14.0,61.0
360290058011011,14.0,61.0
360290058011012,14.0,61.0
360290058011013,14.0,61.0
360290058011014,26.0,61.0
360290058011015,26.0,61.0
360290058012000,14.0,61.0
360290058012001,14.0,61.0
360290058012002,14.0,61.0
360290058012003,26.0,61.0
360290058012004,26.0,61.0
360290058012005,26.0,61.0
360290058012006,26.0,61.0
360290058012007,26.0,61.0
360290058012008,26.0,61.0
360290058013000,26.0,61.0
360290058013001,26.0,61.0
360290058013002,26.0,61.0
360290058013003,26.0,61.0
360290058013004,26.0,61.0
360290058013005,26.0,61.0
360290058013006,26.0,61.0
360290058021000,26.0,61.0
360290058021001,26.0,61.0
360290058021002,26.0,61.0
360290058021003,26.0,61.0
360290058021004,26.0,61.0
360290058021005,26.0,61.0
360290058021006,26.0,61.0
360290058022000,26.0,61.0
360290058022001,26.0,61.0
360290058022002,26.0,61.0
360290058022003,26.0,61.0
360290058022004,26.0,61.0
360290058022005,26.0,61.0
360290058022007,26.0,61.0
360290058022009,26.0,61.0
360290058022010,26.0,61.0
360290058022011,26.0,61.0
360290058022012,26.0,61.0
360290058022013,26.0,61.0
360290058023000,26.0,61.0
360290058023001,26.0,61.0
360290058023002,26.0,61.0
360290058023003,26.0,61.0
360290058023004,26.0,61.0
360290058024000,14.0,61.0
360290058024001,26.0,61.0
360290058024002,26.0,61.0
360290058024003,26.0,61.0
360290058024004,26.0,61.0
360290058024005,26.0,61.0
360290059001000,26.0,61.0
360290059001001,26.0,61.0
360290059001002,26.0,61.0
360290059001003,26.0,61.0
360290059001004,26.0,61.0
360290059001005,26.0,61.0
360290059001006,26.0,61.0
360290059001007,26.0,61.0
360290059001008,26.0,61.0
360290059002000,26.0,61.0
360290059002001,26.0,61.0
360290059002002,26.0,61.0
360290059002003,26.0,61.0
360290059002004,26.0,61.0
360290059002005,26.0,61.0
360290059002006,26.0,61.0
360290059002007,26.0,61.0
360290059002008,26.0,61.0
360290059003000,26.0,61.0
360290059003001,26.0,61.0
360290059003002,26.0,61.0
360290059003003,26.0,61.0
360290059003004,26.0,61.0
360290059003005,26.0,61.0
360290059003006,26.0,61.0
360290059003007,26.0,61.0
360290059004000,26.0,61.0
360290059004001,26.0,61.0
360290059004002,26.0,61.0
360290059004003,26.0,61.0
360290059004004,26.0,61.0
360290059004005,26.0,61.0
360290059004006,26.0,61.0
360290059005000,26.0,61.0
360290059005001,26.0,61.0
360290059005002,26.0,61.0
360290059005003,26.0,61.0
360290059005004,26.0,61.0
360290059005006,26.0,61.0
360290059005009,26.0,61.0
360290059005010,26.0,61.0
360290059005011,26.0,61.0
360290059005012,26.0,61.0
360290059005013,26.0,61.0
360290059005014,26.0,61.0
360290059005015,26.0,61.0
360290059005016,26.0,61.0
360290059005017,26.0,61.0
360290059005018,26.0,61.0
360290059005019,26.0,61.0
360290059005020,26.0,61.0
360290059005021,26.0,61.0
360290059005022,26.0,61.0
360290059005023,26.0,61.0
360290059005024,26.0,61.0
360290061001000,26.0,61.0
360290061001001,26.0,61.0
360290061001002,26.0,61.0
360290061001003,26.0,61.0
360290061001004,26.0,61.0
360290061001006,26.0,61.0
360290061001007,26.0,61.0
360290061001009,26.0,85.0
360290061001010,26.0,61.0
360290061001011,26.0,61.0
360290061001012,26.0,61.0
360290061001013,26.0,61.0
360290061001014,26.0,61.0
360290061001015,26.0,61.0
360290061001016,26.0,61.0
360290061001017,26.0,85.0
360290061001018,26.0,85.0
360290061001019,26.0,85.0
360290061001020,26.0,61.0
360290061001021,26.0,85.0
360290061001022,26.0,85.0
360290061001023,26.0,85.0
360290061001024,26.0,85.0
360290061001025,26.0,85.0
360290061001026,26.0,61.0
360290061001027,26.0,61.0
360290061002000,27.0,85.0
360290061002001,27.0,60.0
360290061002002,27.0,85.0
360290061002003,27.0,85.0
360290061002004,27.0,60.0
360290061002005,27.0,85.0
360290061003000,27.0,85.0
360290061003001,27.0,85.0
360290061003002,27.0,85.0
360290061003003,27.0,85.0
360290061003004,27.0,85.0
360290061003005,27.0,85.0
360290061003006,27.0,85.0
360290061003007,27.0,85.0
360290061003008,26.0,85.0
360290061003009,27.0,85.0
360290061003010,27.0,85.0
360290061003011,27.0,85.0
360290061004000,27.0,60.0
360290061004001,26.0,61.0
360290061004002,26.0,61.0
360290061004003,27.0,60.0
360290061004004,27.0,60.0
360290061004005,27.0,61.0
360290061004006,27.0,85.0
360290061004007,27.0,85.0
360290061005000,26.0,61.0
360290061005001,26.0,61.0
360290061005002,26.0,85.0
360290061005003,26.0,85.0
360290061005004,26.0,85.0
360290061005005,26.0,85.0
360290061005006,27.0,85.0
360290063011000,27.0,60.0
360290063011001,27.0,60.0
360290063011002,27.0,60.0
360290063011003,27.0,60.0
360290063011004,27.0,60.0
360290063011005,27.0,60.0
360290063012000,27.0,60.0
360290063012001,27.0,60.0
360290063012002,27.0,60.0
360290063012003,27.0,60.0
360290063012004,27.0,60.0
360290063012005,27.0,60.0
360290063012006,27.0,60.0
360290063012007,27.0,60.0
360290063013000,27.0,60.0
360290063013001,27.0,60.0
360290063013002,27.0,85.0
360290063013003,27.0,60.0
360290063013004,27.0,60.0
360290063014000,27.0,60.0
360290063014001,27.0,60.0
360290063014002,26.0,61.0
360290063014003,27.0,60.0
360290063014004,27.0,60.0
360290063014005,27.0,85.0
360290063014006,27.0,85.0
360290063014007,27.0,60.0
360290063015000,27.0,61.0
360290063015001,27.0,61.0
360290063015002,27.0,61.0
360290063015003,27.0,61.0
360290063015004,26.0,61.0
360290063015005,26.0,61.0
360290063021000,27.0,61.0
360290063021001,26.0,61.0
360290063021002,27.0,61.0
360290063021003,27.0,61.0
360290063021004,27.0,60.0
360290063021005,27.0,61.0
360290063021006,27.0,60.0
360290063021007,27.0,60.0
360290063021008,27.0,61.0
360290063021009,27.0,60.0
360290063021010,27.0,60.0
360290063021011,27.0,60.0
360290063021012,27.0,60.0
360290063021013,27.0,61.0
360290063022000,27.0,60.0
360290063022001,27.0,60.0
360290063022002,27.0,60.0
360290063022003,27.0,60.0
360290063022004,27.0,60.0
360290063022005,27.0,60.0
360290063022006,27.0,60.0
360290063023000,27.0,60.0
360290063023001,27.0,60.0
360290063023002,27.0,60.0
360290063023003,27.0,60.0
360290063023004,27.0,60.0
360290063023005,27.0,60.0
360290065011000,27.0,60.0
360290065011001,27.0,60.0
360290065011002,27.0,60.0
360290065011003,27.0,60.0
360290065011004,27.0,60.0
360290065011005,27.0,60.0
360290065011006,27.0,60.0
360290065011007,27.0,60.0
360290065012000,27.0,60.0
360290065012001,27.0,60.0
360290065012002,27.0,60.0
360290065012003,27.0,60.0
360290065012004,27.0,60.0
360290065012005,27.0,60.0
360290065012006,27.0,60.0
360290065012007,27.0,60.0
360290065012008,27.0,60.0
360290065012009,27.0,60.0
360290065013000,27.0,60.0
360290065013001,27.0,60.0
360290065013002,27.0,85.0
360290065013003,27.0,85.0
360290065013004,27.0,85.0
360290065013005,27.0,85.0
360290065014000,27.0,60.0
360290065014001,27.0,60.0
360290065014002,27.0,60.0
360290065014003,27.0,85.0
360290065014004,27.0,85.0
360290065014005,27.0,60.0
360290065014006,27.0,85.0
360290066011000,27.0,85.0
360290066011001,27.0,85.0
360290066011002,27.0,85.0
360290066011003,27.0,60.0
360290066011004,27.0,60.0
360290066011005,27.0,60.0
360290066012000,27.0,60.0
360290066012001,27.0,60.0
360290066012002,27.0,60.0
360290066012003,27.0,60.0
360290066012004,27.0,60.0
360290066012005,27.0,60.0
360290066012006,27.0,60.0
360290066012007,27.0,60.0
360290066012008,27.0,60.0
360290066012009,27.0,60.0
360290066012010,27.0,60.0
360290066012011,27.0,60.0
360290066012012,27.0,60.0
360290066013000,27.0,60.0
360290066013001,27.0,60.0
360290066013002,27.0,60.0
360290066013003,27.0,60.0
360290066013004,27.0,85.0
360290066013005,27.0,85.0
360290066013006,27.0,60.0
360290066021000,27.0,60.0
360290066021001,27.0,60.0
360290066021002,27.0,60.0
360290066021003,27.0,60.0
360290066022000,27.0,60.0
360290066022001,27.0,60.0
360290066022002,27.0,60.0
360290066022003,27.0,60.0
360290066023000,27.0,60.0
360290066023001,27.0,60.0
360290067011000,27.0,85.0
360290067011001,27.0,85.0
360290067011002,27.0,85.0
360290067011003,27.0,85.0
360290067011004,27.0,85.0
360290067011005,27.0,85.0
360290067011006,27.0,85.0
360290067011007,27.0,85.0
360290067011008,27.0,85.0
360290067011009,33.0,85.0
360290067011010,33.0,85.0
360290067012000,27.0,85.0
360290067012001,27.0,85.0
360290067012002,27.0,85.0
360290067012003,27.0,87.0
360290067012004,33.0,87.0
360290067013000,33.0,87.0
360290067013001,33.0,85.0
360290067014000,27.0,87.0
360290067014001,33.0,85.0
360290067021000,27.0,60.0
360290067021001,27.0,60.0
360290067021002,33.0,87.0
360290067021003,33.0,60.0
360290067021004,33.0,60.0
360290067021005,33.0,87.0
360290067022000,27.0,87.0
360290067022001,27.0,60.0
360290067022002,27.0,87.0
360290067022003,33.0,87.0
360290067022004,33.0,60.0
360290067022005,33.0,60.0
360290067023000,33.0,60.0
360290067023001,33.0,87.0
360290067024000,33.0,60.0
360290067024001,33.0,87.0
360290067024002,33.0,87.0
360290068011000,33.0,60.0
360290068011001,33.0,87.0
360290068011002,33.0,87.0
360290068011003,33.0,87.0
360290068011004,33.0,87.0
360290068011005,33.0,87.0
360290068011006,33.0,87.0
360290068011007,33.0,87.0
360290068011008,33.0,87.0
360290068011009,33.0,87.0
360290068011010,33.0,87.0
360290068011011,33.0,87.0
360290068011012,33.0,87.0
360290068011013,33.0,87.0
360290068011014,33.0,87.0
360290068011015,33.0,85.0
360290068021000,33.0,87.0
360290068021001,33.0,85.0
360290068021002,33.0,85.0
360290068021003,33.0,85.0
360290068021004,33.0,85.0
360290068021005,33.0,85.0
360290068022000,33.0,85.0
360290068022001,33.0,85.0
360290068022002,33.0,85.0
360290068022003,33.0,85.0
360290068022004,33.0,85.0
360290068022005,33.0,85.0
360290068022006,33.0,85.0
360290068022007,33.0,85.0
360290068022008,33.0,85.0
360290068022009,33.0,85.0
360290068022010,33.0,85.0
360290068023000,33.0,87.0
360290068023001,33.0,87.0
360290068023002,33.0,87.0
360290068023003,33.0,87.0
360290068023004,33.0,85.0
360290068023005,33.0,85.0
360290068023006,33.0,87.0
360290069011000,27.0,85.0
360290069011001,27.0,85.0
360290069011002,27.0,85.0
360290069011003,27.0,85.0
360290069011004,27.0,85.0
360290069011005,27.0,85.0
360290069011006,27.0,85.0
360290069012000,27.0,85.0
360290069012001,27.0,85.0
360290069012002,27.0,85.0
360290069012003,27.0,85.0
360290069012004,27.0,85.0
360290069013000,27.0,85.0
360290069013001,27.0,85.0
360290069013002,27.0,85.0
360290069013003,27.0,85.0
360290069013004,27.0,85.0
360290069013005,27.0,85.0
360290069013006,26.0,85.0
360290069013007,26.0,85.0
360290069013008,27.0,85.0
360290069013009,27.0,85.0
360290069013010,27.0,85.0
360290069013011,27.0,85.0
360290069013012,27.0,85.0
360290069014000,27.0,85.0
360290069014001,27.0,85.0
360290069014002,27.0,85.0
360290069014003,27.0,85.0
360290069014004,27.0,85.0
360290069031000,27.0,85.0
360290069031001,27.0,85.0
360290069031002,27.0,85.0
360290069031003,33.0,85.0
360290069031004,27.0,85.0
360290069031005,27.0,85.0
360290069031006,33.0,85.0
360290069031007,33.0,85.0
360290069031008,33.0,85.0
360290069031009,33.0,85.0
360290069031010,33.0,85.0
360290069031011,33.0,85.0
360290069031012,33.0,85.0
360290069031013,33.0,85.0
360290069031014,33.0,85.0
360290069031015,33.0,85.0
360290069041000,33.0,85.0
360290069041001,33.0,85.0
360290069041002,33.0,85.0
360290069041003,33.0,85.0
360290069041004,33.0,85.0
360290069041005,29.0,85.0
360290069042000,27.0,85.0
360290069042001,27.0,85.0
360290069042002,27.0,85.0
360290069042003,33.0,85.0
360290069042004,33.0,85.0
360290069042005,33.0,85.0
360290069042006,33.0,85.0
360290069042007,33.0,85.0
360290069043000,33.0,85.0
360290069043001,33.0,85.0
360290069043002,33.0,85.0
360290069043003,33.0,85.0
360290069043004,33.0,85.0
360290069043005,33.0,85.0
360290069043006,33.0,85.0
360290069043007,33.0,85.0
360290069043008,33.0,85.0
360290069043009,33.0,85.0
360290070001000,26.0,85.0
360290070001001,26.0,85.0
360290070001002,26.0,85.0
360290070001003,26.0,85.0
360290070001004,26.0,85.0
360290070001005,27.0,85.0
360290070001006,27.0,85.0
360290070001007,26.0,85.0
360290070001008,26.0,85.0
360290070001009,26.0,85.0
360290070001010,27.0,85.0
360290070001011,26.0,61.0
360290070001012,26.0,61.0
360290070001015,26.0,85.0
360290070002000,29.0,85.0
360290070002001,26.0,85.0
360290070002002,26.0,85.0
360290070002003,29.0,85.0
360290070002009,29.0,85.0
360290070002010,29.0,85.0
360290070002011,29.0,85.0
360290070002012,29.0,85.0
360290070002013,29.0,85.0
360290070002014,29.0,85.0
360290070002015,29.0,85.0
360290070002016,29.0,85.0
360290070002017,29.0,85.0
360290070002018,29.0,85.0
360290070002019,29.0,85.0
360290070003000,27.0,85.0
360290070003001,27.0,85.0
360290070003002,26.0,85.0
360290070003003,26.0,85.0
360290070003004,26.0,85.0
360290070003005,29.0,85.0
360290070003006,29.0,85.0
360290070003007,29.0,85.0
360290070003008,29.0,85.0
360290070003009,29.0,85.0
360290070003010,29.0,85.0
360290070003011,29.0,85.0
360290070003012,29.0,85.0
360290070003013,29.0,85.0
360290070003014,33.0,85.0
360290071021000,29.0,85.0
360290071021001,29.0,85.0
360290071021002,29.0,85.0
360290071021003,29.0,85.0
360290071021004,29.0,85.0
360290071021005,29.0,85.0
360290071021006,29.0,85.0
360290071021007,29.0,85.0
360290071021008,29.0,85.0
360290071021009,29.0,85.0
360290071021010,29.0,85.0
360290071022000,33.0,85.0
360290071022001,33.0,85.0
360290071022002,33.0,85.0
360290071022003,33.0,85.0
360290071022004,33.0,85.0
360290071022005,29.0,85.0
360290071022006,29.0,85.0
360290071022007,33.0,85.0
360290071022008,29.0,85.0
360290071022009,29.0,85.0
360290071023000,33.0,85.0
360290071023001,33.0,85.0
360290071023002,33.0,85.0
360290071023003,33.0,85.0
360290071023004,33.0,85.0
360290071023005,29.0,85.0
360290071023006,29.0,85.0
360290071031000,33.0,85.0
360290071031001,33.0,85.0
360290071031002,33.0,85.0
360290071031003,29.0,85.0
360290071032000,29.0,85.0
360290071032001,29.0,85.0
360290071032002,29.0,85.0
360290071032003,29.0,85.0
360290071032004,29.0,85.0
360290071032005,29.0,85.0
360290071032006,29.0,85.0
360290071032007,29.0,85.0
360290071032008,29.0,85.0
360290071032009,29.0,85.0
360290071041000,33.0,85.0
360290071041001,33.0,85.0
360290071041002,33.0,85.0
360290071041003,33.0,85.0
360290071041004,29.0,85.0
360290071041005,33.0,85.0
360290071042000,33.0,85.0
360290071042001,33.0,85.0
360290071042002,33.0,85.0
360290071042003,29.0,85.0
360290071042004,29.0,85.0
360290071042005,29.0,85.0
360290071042006,29.0,85.0
360290071042007,29.0,85.0
360290071043000,29.0,85.0
360290071043001,29.0,85.0
360290071043002,29.0,85.0
360290071043003,29.0,85.0
360290071044000,29.0,85.0
360290071044001,29.0,85.0
360290071044002,29.0,85.0
360290072021000,29.0,85.0
360290072021001,29.0,85.0
360290072021002,29.0,85.0
360290072021003,29.0,85.0
360290072021004,29.0,85.0
360290072021005,29.0,85.0
360290072021006,29.0,85.0
360290072021010,29.0,85.0
360290072021011,29.0,85.0
360290072021012,29.0,85.0
360290072021013,29.0,85.0
360290072021014,29.0,85.0
360290072021015,29.0,85.0
360290072021017,29.0,85.0
360290072021018,29.0,85.0
360290072021019,29.0,85.0
360290072021020,29.0,85.0
360290072021021,29.0,85.0
360290072021022,29.0,85.0
360290163001000,29.0,87.0
360290163001001,29.0,87.0
360290163001002,29.0,87.0
360290163001003,29.0,87.0
360290163001004,29.0,87.0
360290163001005,29.0,87.0
360290163001006,29.0,87.0
360290163001007,29.0,87.0
360290163001008,29.0,87.0
360290163001009,29.0,87.0
360290163001010,29.0,87.0
360290163001011,29.0,87.0
360290163001012,29.0,87.0
360290163001013,29.0,87.0
360290163001014,29.0,87.0
360290163001015,29.0,87.0
360290163001016,29.0,87.0
360290163001017,29.0,87.0
360290163001018,29.0,87.0
360290163001019,29.0,87.0
360290163001020,29.0,87.0
360290163001021,29.0,87.0
360290163001022,29.0,87.0
360290163001023,29.0,87.0
360290163002000,29.0,86.0
360290163002001,29.0,86.0
360290163002002,29.0,87.0
360290163002003,29.0,86.0
360290163002004,29.0,86.0
360290163002005,29.0,86.0
360290163002006,29.0,86.0
360290163002007,29.0,86.0
360290163002008,29.0,86.0
360290163002009,29.0,86.0
360290163002010,29.0,86.0
360290163002011,29.0,86.0
360290163002012,29.0,86.0
360290163002013,29.0,86.0
360290163002014,29.0,86.0
360290163003000,29.0,86.0
360290163003001,29.0,86.0
360290163003002,29.0,86.0
360290163003003,29.0,87.0
360290163003004,29.0,86.0
360290163003005,29.0,86.0
360290163003006,29.0,86.0
360290163003007,29.0,86.0
360290163003008,29.0,86.0
360290163003009,29.0,87.0
360290163003010,29.0,87.0
360290163003011,29.0,87.0
360290163003012,29.0,87.0
360290163003013,29.0,87.0
360290163003014,29.0,87.0
360290163003015,29.0,87.0
360290163003016,29.0,87.0
360290163003017,29.0,87.0
360290163003018,29.0,87.0
360290163003019,29.0,87.0
360290163003020,29.0,87.0
360290163003021,29.0,87.0
360290163003022,29.0,87.0
360290163003023,29.0,86.0
360290163003024,29.0,87.0
360290163003025,29.0,87.0
360290163003026,29.0,86.0
360290163003027,29.0,86.0
360290163003028,29.0,86.0
360290163003029,29.0,86.0
360290163003030,29.0,86.0
360290163003031,29.0,86.0
360290163003032,29.0,87.0
360290163003033,29.0,87.0
360290163003034,29.0,72.0
360290163003035,29.0,72.0
360290163003036,29.0,72.0
360290164001000,29.0,85.0
360290164001001,29.0,85.0
360290164001002,29.0,85.0
360290164001003,29.0,85.0
360290164001004,29.0,85.0
360290164001005,29.0,87.0
360290164001006,29.0,87.0
360290164001007,29.0,85.0
360290164001008,29.0,85.0
360290164001009,29.0,87.0
360290164001010,29.0,87.0
360290164001011,29.0,87.0
360290164001012,29.0,87.0
360290164001013,29.0,85.0
360290164001014,29.0,85.0
360290164001015,29.0,85.0
360290164001016,29.0,85.0
360290164001017,29.0,85.0
360290164001018,29.0,85.0
360290164001019,29.0,85.0
360290164001020,29.0,85.0
360290164002000,29.0,87.0
360290164002001,29.0,87.0
360290164002002,29.0,87.0
360290164002003,29.0,87.0
360290164002004,29.0,87.0
360290164002005,29.0,87.0
360290164002006,29.0,87.0
360290164002007,29.0,87.0
360290164002008,29.0,87.0
360290164002009,29.0,87.0
360290164002010,29.0,87.0
360290164002011,29.0,87.0
360290164002012,29.0,87.0
360290164002013,29.0,87.0
360290164002014,29.0,87.0
360290164002015,29.0,87.0
360290164002016,29.0,87.0
360290164002017,29.0,87.0
360290164002018,29.0,87.0
360290164002019,29.0,87.0
360290164002020,29.0,87.0
360290164002021,29.0,87.0
360290164002022,29.0,87.0
360290164002023,29.0,87.0
360290164002024,29.0,87.0
360290164002025,29.0,87.0
360290164002026,29.0,87.0
360290164002027,29.0,87.0
360290164002028,29.0,87.0
360290164002029,29.0,87.0
360290164002030,29.0,87.0
360290164002031,29.0,87.0
360290164002032,29.0,87.0
360290164002033,29.0,87.0
360290164002034,29.0,87.0
360290164002035,29.0,87.0
360290164002036,29.0,87.0
360290164002037,29.0,87.0
360290164002038,29.0,87.0
360290164003000,29.0,87.0
360290164003001,29.0,87.0
360290164003002,29.0,87.0
360290164003003,29.0,87.0
360290164003004,29.0,87.0
360290164003005,29.0,87.0
360290164003006,29.0,87.0
360290164003007,29.0,87.0
360290164003008,29.0,87.0
360290164003009,29.0,87.0
360290164003010,29.0,87.0
360290164003011,29.0,87.0
360290164003012,29.0,87.0
360290164003013,29.0,87.0
360290164003014,29.0,87.0
360290164003015,29.0,85.0
360290164003016,29.0,85.0
360290164003017,29.0,87.0
360290164003018,29.0,87.0
360290164003019,29.0,87.0
360290164003020,29.0,87.0
360290164003021,29.0,87.0
360290164003022,29.0,85.0
360290164003023,29.0,85.0
360290164003024,29.0,87.0
360290164004000,29.0,87.0
360290164004001,29.0,87.0
360290164004002,29.0,87.0
360290164004003,29.0,87.0
360290164004004,29.0,87.0
360290164004005,29.0,87.0
360290164004006,29.0,87.0
360290164005000,29.0,87.0
360290164005001,29.0,87.0
360290164005002,29.0,87.0
360290164005003,29.0,87.0
360290164005004,29.0,87.0
360290164005005,29.0,87.0
360290164005006,29.0,87.0
360290164005007,29.0,87.0
360290164005008,29.0,87.0
360290164005009,29.0,87.0
360290164005010,29.0,87.0
360290164005011,29.0,87.0
360290164005012,29.0,87.0
360290164005013,29.0,87.0
360290165001000,29.0,87.0
360290165001001,29.0,87.0
360290165001002,29.0,87.0
360290165001003,29.0,87.0
360290165001004,29.0,87.0
360290165001005,29.0,87.0
360290165001006,29.0,87.0
360290165001007,29.0,85.0
360290165001008,29.0,85.0
360290165001009,29.0,85.0
360290165001010,29.0,85.0
360290165001011,29.0,85.0
360290165001012,29.0,87.0
360290165001013,29.0,87.0
360290165001014,29.0,85.0
360290165001015,29.0,85.0
360290165001016,29.0,85.0
360290165001017,29.0,85.0
360290165001018,29.0,85.0
360290165001019,29.0,85.0
360290165001020,29.0,85.0
360290165001021,29.0,85.0
360290165001022,29.0,87.0
360290165001023,29.0,87.0
360290165001024,29.0,87.0
360290165001025,29.0,87.0
360290165001026,29.0,87.0
360290165001027,29.0,87.0
360290165001028,29.0,87.0
360290165001029,29.0,87.0
360290165001030,29.0,87.0
360290165001031,29.0,87.0
360290165001032,29.0,87.0
360290165001033,29.0,87.0
360290165001034,29.0,87.0
360290165001035,29.0,87.0
360290165001036,29.0,85.0
360290165001037,29.0,85.0
360290165001038,29.0,85.0
360290165001039,29.0,85.0
360290165001040,29.0,85.0
360290165001041,29.0,85.0
360290165001042,29.0,87.0
360290165001043,29.0,87.0
360290165001044,29.0,87.0
360290165001045,29.0,87.0
360290165001046,29.0,87.0
360290165001047,29.0,87.0
360290165001048,29.0,87.0
360290165001049,29.0,87.0
360290165001050,29.0,87.0
360290165001051,29.0,87.0
360290165001052,29.0,87.0
360290165001053,29.0,87.0
360290165001054,29.0,87.0
360290165001055,29.0,87.0
360290165001056,29.0,85.0
360290165001057,29.0,85.0
360290165001058,29.0,85.0
360290165001059,29.0,85.0
360290165001060,29.0,85.0
360290165001061,29.0,85.0
360290165001062,29.0,85.0
360290165001063,29.0,87.0
360290165001064,29.0,85.0
360290165001065,29.0,85.0
360290165001066,29.0,85.0
360290165001067,29.0,87.0
360290165001068,29.0,87.0
360290165001069,29.0,87.0
360290165001070,29.0,87.0
360290165001071,29.0,85.0
360290165001072,29.0,85.0
360290165001073,29.0,85.0
360290165001074,29.0,85.0
360290165001075,29.0,85.0
360290165001076,29.0,85.0
360290165001077,29.0,85.0
360290165001078,29.0,85.0
360290165001079,29.0,85.0
360290165001080,29.0,85.0
360290165001081,29.0,85.0
360290165001082,29.0,85.0
360290165001083,29.0,85.0
360290165001084,29.0,85.0
360290165001085,29.0,85.0
360290165001086,29.0,85.0
360290165001087,29.0,85.0
360290165001088,29.0,85.0
360290165001089,29.0,85.0
360290165001090,29.0,85.0
360290165001091,29.0,85.0
360290165001092,29.0,85.0
360290165001093,29.0,85.0
360290165001094,29.0,85.0
360290165001095,29.0,85.0
360290165001096,29.0,85.0
360290165001097,29.0,85.0
360290165001098,29.0,85.0
360290165001099,29.0,85.0
360290165001100,29.0,85.0
360290165001101,29.0,85.0
360290165001102,29.0,87.0
360290165001103,29.0,87.0
360290165001104,29.0,87.0
360290165001105,29.0,87.0
360290165001106,29.0,85.0
360290165001107,29.0,85.0
360290165001108,29.0,85.0
360290165002000,33.0,87.0
360290165002001,33.0,87.0
360290165002002,33.0,87.0
360290165002003,33.0,87.0
360290165002004,33.0,87.0
360290165002005,33.0,87.0
360290165002006,33.0,87.0
360290165002007,33.0,85.0
360290165002008,33.0,85.0
360290165002009,33.0,85.0
360290165002010,33.0,85.0
360290165002011,33.0,85.0
360290165002012,33.0,85.0
360290165002013,33.0,85.0
360290165002014,29.0,87.0
360290165002015,29.0,87.0
360290165002016,29.0,87.0
360290165002017,29.0,87.0
360290165002018,33.0,87.0
360290165002019,29.0,85.0
360290165002020,29.0,85.0
360290165002021,29.0,85.0
360290165002022,29.0,85.0
360290165002023,29.0,87.0
360290165002024,29.0,87.0
360290165002025,29.0,87.0
360290165002026,29.0,87.0
360290166001000,33.0,87.0
360290166001001,32.0,87.0
360290166001002,32.0,87.0
360290166001003,32.0,87.0
360290166001004,33.0,87.0
360290166001005,33.0,87.0
360290166001006,33.0,87.0
360290166002000,33.0,87.0
360290166002001,33.0,87.0
360290166002002,33.0,87.0
360290166002003,33.0,87.0
360290166002004,32.0,87.0
360290166002005,33.0,87.0
360290166003000,33.0,87.0
360290166003001,33.0,59.0
360290166003002,33.0,87.0
360290166003003,33.0,87.0
360290166003004,33.0,87.0
360290166003005,33.0,87.0
360290166004000,33.0,87.0
360290166004001,33.0,87.0
360290166004002,33.0,87.0
360290166004003,33.0,59.0
360290166004004,33.0,59.0
360290166004005,33.0,87.0
360290166004006,33.0,87.0
360290166004007,33.0,59.0
360290166004008,33.0,87.0
360290166004009,33.0,87.0
360290166004010,33.0,87.0
360290166004011,33.0,87.0
360290166004012,33.0,87.0
360290166004013,33.0,87.0
360290166004014,33.0,87.0
360290166004015,33.0,87.0
360290166004016,33.0,87.0
360290167001000,29.0,86.0
360290167001001,29.0,86.0
360290167001002,29.0,86.0
360290167001003,29.0,86.0
360290167001004,29.0,86.0
360290167001005,29.0,86.0
360290167001006,29.0,86.0
360290167001007,29.0,86.0
360290167001008,29.0,86.0
360290167001009,29.0,86.0
360290167002000,29.0,86.0
360290167002001,29.0,86.0
360290167002002,29.0,86.0
360290167002003,29.0,86.0
360290167002004,29.0,86.0
360290167002005,29.0,86.0
360290167003000,29.0,86.0
360290167003001,29.0,86.0
360290167003002,29.0,86.0
360290167003003,29.0,86.0
360290167003004,29.0,86.0
360290167003005,29.0,86.0
360290167003006,29.0,86.0
360290167003007,29.0,86.0
360290167003008,29.0,86.0
360290167003009,29.0,86.0
360290167003010,29.0,86.0
360290167003011,29.0,86.0
360290167003012,29.0,86.0
360290167003013,29.0,86.0
360290167003014,29.0,86.0
360290167003015,29.0,86.0
360290167003016,29.0,86.0
360290167003017,29.0,86.0
360290167003018,29.0,86.0
360290167003019,29.0,86.0
360290167003020,29.0,86.0
360290167003021,29.0,86.0
360290167003022,29.0,86.0
360290168011000,33.0,59.0
360290168011001,33.0,59.0
360290168011002,33.0,59.0
360290168011003,33.0,59.0
360290168011004,33.0,59.0
360290168011005,33.0,59.0
360290168011006,33.0,59.0
360290168011007,33.0,59.0
360290168011008,33.0,59.0
360290168011009,33.0,59.0
360290168011010,33.0,59.0
360290168011011,33.0,59.0
360290168012000,27.0,59.0
360290168012001,27.0,59.0
360290168012002,27.0,59.0
360290168012003,27.0,60.0
360290168012004,27.0,60.0
360290168012005,33.0,60.0
360290168012006,33.0,60.0
360290168012007,33.0,60.0
360290168012008,33.0,60.0
360290168012009,33.0,59.0
360290168012010,33.0,59.0
360290168012011,33.0,59.0
360290168012012,33.0,60.0
360290168012013,33.0,59.0
360290168012014,33.0,60.0
360290168012015,33.0,59.0
360290168012016,33.0,59.0
360290168012017,33.0,60.0
360290168021000,21.0,59.0
360290168021001,27.0,59.0
360290168021002,21.0,59.0
360290168021003,27.0,59.0
360290168021004,27.0,59.0
360290168021005,27.0,59.0
360290168021006,27.0,59.0
360290168021007,27.0,59.0
360290168021008,27.0,59.0
360290168021009,27.0,59.0
360290168021010,21.0,59.0
360290168021011,27.0,59.0
360290168021012,27.0,59.0
360290168021013,21.0,59.0
360290168021014,21.0,59.0
360290168021015,27.0,59.0
360290168021016,27.0,59.0
360290168021017,27.0,59.0
360290168022000,21.0,59.0
360290168022001,27.0,59.0
360290168022002,27.0,59.0
360290168022003,27.0,59.0
360290168022004,27.0,59.0
360290168022005,27.0,59.0
360290168022006,27.0,59.0
360290168022007,27.0,59.0
360290168022008,27.0,59.0
360290168022009,27.0,59.0
360290168022010,27.0,59.0
360290168022011,27.0,59.0
360290168022012,27.0,59.0
360290168022013,27.0,59.0
360290168022014,33.0,59.0
360290168022015,33.0,59.0
360290168022016,27.0,59.0
360290168022017,27.0,59.0
360290168022018,27.0,59.0
360290168022019,27.0,59.0
360290168022020,27.0,59.0
360290168022021,27.0,59.0
360290168022022,33.0,59.0
360290168022023,33.0,59.0
360290168022024,33.0,59.0
360290168022025,33.0,59.0
360290169001000,27.0,60.0
360290169001001,27.0,60.0
360290169001002,27.0,60.0
360290169001003,27.0,60.0
360290169001004,27.0,60.0
360290169002000,27.0,60.0
360290169002001,27.0,60.0
360290169002002,27.0,60.0
360290169002003,27.0,60.0
360290169002004,27.0,60.0
360290169003000,27.0,60.0
360290169003001,27.0,60.0
360290169003002,27.0,60.0
360290169003003,27.0,60.0
360290169003004,27.0,60.0
360290169003005,27.0,60.0
360290169004000,27.0,59.0
360290169004001,27.0,59.0
360290169004002,27.0,60.0
360290169004003,27.0,60.0
360290169004004,27.0,60.0
360290169004005,27.0,60.0
360290169004006,27.0,60.0
360290169004007,27.0,60.0
360290169004008,27.0,60.0
360290169004009,27.0,60.0
360290170001000,21.0,70.0
360290170001001,21.0,70.0
360290170001002,21.0,70.0
360290170001003,21.0,70.0
360290170001004,21.0,70.0
360290170001005,21.0,70.0
360290170001006,21.0,70.0
360290170001007,21.0,70.0
360290170001008,21.0,70.0
360290170001009,21.0,70.0
360290170001010,21.0,70.0
360290170002000,21.0,70.0
360290170002001,21.0,70.0
360290170002002,21.0,70.0
360290170002003,21.0,70.0
360290170002004,21.0,70.0
360290170002005,21.0,70.0
360290170002006,21.0,71.0
360290170002007,21.0,70.0
360290170002008,21.0,70.0
360290170002009,21.0,71.0
360290170002010,21.0,70.0
360290170002011,21.0,70.0
360290170002012,21.0,70.0
360290170002013,21.0,59.0
360290170002014,21.0,59.0
360290170002015,21.0,71.0
360290170002016,21.0,71.0
360290170002017,21.0,59.0
360290170003000,21.0,71.0
360290170003001,21.0,71.0
360290170003002,21.0,59.0
360290170003003,21.0,59.0
360290170003004,21.0,59.0
360290170003005,21.0,59.0
360290170003006,21.0,59.0
360290170003007,21.0,59.0
360290170003008,21.0,59.0
360290170003009,21.0,59.0
360290170003010,21.0,59.0
360290170003011,21.0,59.0
360290171001002,26.0,61.0
360290171001003,26.0,61.0
360290171001006,26.0,61.0
360290171001007,26.0,61.0
360290171001008,26.0,61.0
360290171001009,26.0,61.0
360290171001010,26.0,61.0
360290171001011,26.0,61.0
360290171001012,26.0,61.0
360290171001013,26.0,61.0
360290171001014,26.0,61.0
360290171001015,26.0,61.0
360290171001016,26.0,61.0
360290171001017,26.0,61.0
360290171001018,26.0,61.0
360290171002000,26.0,61.0
360290171002001,26.0,61.0
360290171002002,26.0,61.0
360290171002003,26.0,61.0
360290171002004,26.0,61.0
360290171002005,26.0,61.0
360290171003000,26.0,61.0
360290171003001,26.0,61.0
360290171003002,26.0,61.0
360290171003003,26.0,60.0
360290171003004,26.0,60.0
360290171003005,26.0,60.0
360290171004000,26.0,61.0
360290171004001,26.0,61.0
360290171004002,26.0,61.0
360290171004003,26.0,61.0
360290171004004,26.0,61.0
360290171004005,26.0,61.0
360290171005000,26.0,61.0
360290171005001,26.0,61.0
360290171005002,26.0,61.0
360290171005003,26.0,61.0
360290171005004,26.0,61.0
360290171005005,26.0,61.0
360290171005006,26.0,61.0
360290171005007,26.0,61.0
360290171005008,26.0,61.0
360299800001000,26.0,61.0
360299800001001,26.0,61.0
360299805001000,20.0,70.0
360299805001001,20.0,70.0
360299805001002,20.0,70.0
360299805001003,20.0,70.0
360299805001004,20.0,70.0
360299805001005,20.0,70.0
360299805001006,20.0,70.0
360299805001007,20.0,71.0
