GEOID20,District0
360290001101000,41.0
360290001101001,41.0
360290001101002,41.0
360290001101003,41.0
360290001101004,41.0
360290001101005,41.0
360290001101006,41.0
360290001102000,41.0
360290001102001,41.0
360290001102002,41.0
360290001102003,41.0
360290001102004,41.0
360290001102005,41.0
360290001103000,41.0
360290001103001,41.0
360290001103002,41.0
360290001103003,41.0
360290001103004,41.0
360290001103005,41.0
360290001103006,41.0
360290001103007,41.0
360290001103008,42.0
360290001103009,42.0
360290001103010,41.0
360290001103011,41.0
360290001103012,41.0
360290001103013,41.0
360290001103017,41.0
360290001103019,41.0
360290001103020,41.0
360290001103021,41.0
360290001103022,41.0
360290001103023,41.0
360290001103024,41.0
360290001103025,41.0
360290001103026,41.0
360290001103027,41.0
360290001103028,41.0
360290001103029,41.0
360290001103030,41.0
360290001103031,41.0
360290001103032,41.0
360290001103033,41.0
360290001103034,41.0
360290001103035,41.0
360290001103036,41.0
360290001103037,41.0
360290001103038,41.0
360290001103039,41.0
360290001103040,41.0
360290001103041,41.0
360290001103042,41.0
360290001103043,41.0
360290001103044,41.0
360290001103045,41.0
360290001103046,41.0
360290001103047,41.0
360290001103048,41.0
360290001103049,41.0
360290001103050,41.0
360290001103051,41.0
360290001103052,41.0
360290001103053,41.0
360290001103054,41.0
360290001103055,41.0
360290001103056,41.0
360290001103057,42.0
360290002001000,41.0
360290002001001,41.0
360290002001002,41.0
360290002001003,41.0
360290002001004,41.0
360290002001005,41.0
360290002001006,41.0
360290002001007,41.0
360290002001008,41.0
360290002001009,41.0
360290002001010,41.0
360290002001011,41.0
360290002001012,41.0
360290002001013,41.0
360290002002000,41.0
360290002002001,41.0
360290002002002,41.0
360290002002003,41.0
360290002002004,41.0
360290002002005,41.0
360290002003000,41.0
360290002003001,41.0
360290002003002,41.0
360290002003003,41.0
360290002003004,41.0
360290002003005,41.0
360290002004000,41.0
360290002004001,41.0
360290002004002,41.0
360290002004003,41.0
360290002004004,41.0
360290002004005,41.0
360290002004006,41.0
360290002004007,41.0
360290002004008,41.0
360290002004009,41.0
360290002004010,41.0
360290005001000,42.0
360290005001001,42.0
360290005001002,42.0
360290005001003,42.0
360290005001004,42.0
360290005001005,42.0
360290005001006,42.0
360290005001007,42.0
360290005001008,42.0
360290005001009,42.0
360290005001010,42.0
360290005001011,42.0
360290005001012,42.0
360290005001013,42.0
360290005001014,42.0
360290005001015,42.0
360290005001016,42.0
360290005001017,42.0
360290005001018,42.0
360290005001019,42.0
360290005001020,42.0
360290005001021,42.0
360290005001022,42.0
360290005001023,42.0
360290005001024,42.0
360290005001025,42.0
360290005001026,42.0
360290005001027,42.0
360290005001028,42.0
360290005001032,42.0
360290005001038,42.0
360290005001039,42.0
360290005001040,42.0
360290005001041,42.0
360290005001042,42.0
360290005001043,42.0
360290005001044,42.0
360290005001045,42.0
360290005001046,42.0
360290005001047,42.0
360290005001048,42.0
360290005001049,42.0
360290005001050,42.0
360290005001051,42.0
360290005001052,42.0
360290005001053,42.0
360290005001054,42.0
360290005001055,42.0
360290005001056,42.0
360290005001057,42.0
360290005002000,42.0
360290005002001,42.0
360290005002002,42.0
360290005002003,42.0
360290005002004,42.0
360290005002005,42.0
360290005002006,42.0
360290005002007,42.0
360290005002008,42.0
360290005002009,42.0
360290005002010,42.0
360290005002011,42.0
360290005002012,42.0
360290005002013,42.0
360290005002014,42.0
360290005002015,42.0
360290005002016,42.0
360290005002017,42.0
360290005002018,42.0
360290005002019,42.0
360290006001000,41.0
360290006001001,41.0
360290006001002,41.0
360290006001003,41.0
360290006001004,41.0
360290006001005,41.0
360290006002000,41.0
360290006002001,41.0
360290006002002,41.0
360290006002003,41.0
360290006002004,41.0
360290006002005,41.0
360290006003000,41.0
360290006003001,41.0
360290006003002,41.0
360290006003003,41.0
360290006003004,41.0
360290006003005,41.0
360290006004000,41.0
360290006004001,41.0
360290006004002,41.0
360290006004003,41.0
360290006004004,41.0
360290006004005,41.0
360290006004006,41.0
360290007001000,41.0
360290007001001,41.0
360290007001002,41.0
360290007001003,41.0
360290007001004,41.0
360290007001005,41.0
360290007002000,41.0
360290007002001,41.0
360290007002002,41.0
360290007002003,41.0
360290007002004,41.0
360290007002005,41.0
360290007003000,41.0
360290007003001,41.0
360290007003002,41.0
360290007003003,41.0
360290007003004,41.0
360290007003005,41.0
360290007003006,41.0
360290007004000,41.0
360290007004001,41.0
360290007004002,41.0
360290007004003,41.0
360290007004004,41.0
360290007004005,41.0
360290007005000,41.0
360290007005001,41.0
360290007005002,41.0
360290007005003,41.0
360290007005004,41.0
360290007005005,41.0
360290007005006,41.0
360290008001000,41.0
360290008001001,41.0
360290008001002,41.0
360290008001003,41.0
360290008001004,41.0
360290008001005,41.0
360290008001006,41.0
360290008001007,41.0
360290008002000,41.0
360290008002001,41.0
360290008002002,41.0
360290008002003,41.0
360290008002004,41.0
360290008002005,41.0
360290008002006,41.0
360290008002007,41.0
360290008002008,41.0
360290008002009,41.0
360290008002010,41.0
360290008002011,41.0
360290008003000,41.0
360290008003001,41.0
360290008003002,41.0
360290008003003,41.0
360290008003004,41.0
360290008003005,41.0
360290008003006,41.0
360290008003007,41.0
360290008003008,41.0
360290008003009,41.0
360290008003010,41.0
360290008003011,41.0
360290008004000,41.0
360290008004001,41.0
360290008004002,41.0
360290008004003,41.0
360290008004004,41.0
360290008004005,41.0
360290009001000,41.0
360290009001001,41.0
360290009001002,41.0
360290009001003,41.0
360290009001004,41.0
360290009001005,41.0
360290009001006,41.0
360290009002000,41.0
360290009002001,41.0
360290009002002,41.0
360290009002003,41.0
360290009002004,41.0
360290009002005,41.0
360290009002006,41.0
360290009002007,41.0
360290009002008,41.0
360290009002009,41.0
360290009002010,41.0
360290009002011,41.0
360290009003000,41.0
360290009003001,41.0
360290009003002,41.0
360290009003003,41.0
360290009003004,41.0
360290009003005,41.0
360290009003006,41.0
360290009003007,41.0
360290009003008,41.0
360290009003009,41.0
360290010001000,41.0
360290010001001,41.0
360290010001002,41.0
360290010001003,41.0
360290010001004,41.0
360290010001005,41.0
360290010001006,41.0
360290010001007,41.0
360290010001008,41.0
360290010001009,41.0
360290010001010,41.0
360290010001011,41.0
360290010001012,41.0
360290010001013,41.0
360290010001014,41.0
360290010002000,41.0
360290010002001,41.0
360290010002002,41.0
360290010002003,41.0
360290010002004,41.0
360290010003000,41.0
360290010003001,41.0
360290010003002,41.0
360290010003003,41.0
360290010003004,41.0
360290010003005,41.0
360290010003006,41.0
360290010003007,41.0
360290010003008,41.0
360290010003009,41.0
360290010003010,41.0
360290010004000,41.0
360290010004001,41.0
360290010004002,41.0
360290010004003,41.0
360290010004004,41.0
360290010004005,41.0
360290010004006,41.0
360290010004007,41.0
360290010004008,41.0
360290010005000,41.0
360290010005001,41.0
360290010005002,41.0
360290010005003,41.0
360290010005004,41.0
360290010005005,41.0
360290010005006,41.0
360290010005007,41.0
360290010005008,41.0
360290010005009,41.0
360290010005010,41.0
360290010005011,41.0
360290011001000,41.0
360290011001001,41.0
360290011001002,41.0
360290011001003,41.0
360290011001004,41.0
360290011001005,41.0
360290011001006,41.0
360290011001007,41.0
360290011001008,41.0
360290011001009,41.0
360290011001010,41.0
360290011002000,41.0
360290011002001,41.0
360290011002002,41.0
360290011002003,41.0
360290011002004,41.0
360290011002005,41.0
360290011003000,42.0
360290011003001,42.0
360290011003002,42.0
360290011003003,42.0
360290011003004,42.0
360290011003005,42.0
360290011003006,42.0
360290011003007,42.0
360290011003008,42.0
360290011003009,42.0
360290011003010,42.0
360290011003011,42.0
360290011003012,41.0
360290011003013,42.0
360290011003014,41.0
360290011003015,41.0
360290011003016,41.0
360290014031000,42.0
360290014031001,42.0
360290014031002,42.0
360290014031003,42.0
360290014031004,42.0
360290014031005,42.0
360290014031006,42.0
360290014031007,42.0
360290014032000,42.0
360290014032001,42.0
360290014032002,26.0
360290014032003,26.0
360290014032004,26.0
360290014032005,42.0
360290014032006,42.0
360290014032007,42.0
360290014032008,42.0
360290014032009,26.0
360290014032010,42.0
360290014032011,42.0
360290014032012,42.0
360290014041000,42.0
360290014041001,42.0
360290014041002,42.0
360290014041003,42.0
360290014042000,26.0
360290014042001,26.0
360290014042002,26.0
360290014042003,26.0
360290014042004,42.0
360290014042005,42.0
360290014042006,42.0
360290014042007,42.0
360290014042008,42.0
360290014042009,42.0
360290014042010,26.0
360290014042011,26.0
360290014042012,42.0
360290014042013,26.0
360290014042014,26.0
360290015001000,42.0
360290015001001,42.0
360290015001002,42.0
360290015001003,42.0
360290015001004,42.0
360290015001005,42.0
360290015001006,42.0
360290015001007,42.0
360290015001008,42.0
360290015001009,42.0
360290015001010,42.0
360290015001011,42.0
360290015001012,26.0
360290015001013,42.0
360290015001014,42.0
360290015001015,42.0
360290015001016,42.0
360290015001017,42.0
360290015001018,42.0
360290015001019,42.0
360290015001020,42.0
360290015001021,42.0
360290015001022,42.0
360290015001023,42.0
360290015001024,42.0
360290015001025,42.0
360290015001026,42.0
360290015001027,42.0
360290015001028,42.0
360290015001029,42.0
360290015001030,42.0
360290015001031,42.0
360290015002000,42.0
360290015002001,42.0
360290015002002,42.0
360290015002003,42.0
360290015002004,26.0
360290015002005,26.0
360290015002006,26.0
360290015002007,42.0
360290015002008,26.0
360290015002009,26.0
360290015002010,26.0
360290015002011,42.0
360290015002012,42.0
360290015002013,42.0
360290015002014,26.0
360290015002015,26.0
360290015003000,42.0
360290015003001,26.0
360290015003002,42.0
360290015003003,26.0
360290015003004,42.0
360290015003005,26.0
360290015003006,26.0
360290015003007,26.0
360290015003008,26.0
360290015003009,42.0
360290015003010,42.0
360290015003011,42.0
360290015003012,42.0
360290015003013,26.0
360290016011000,42.0
360290016011001,42.0
360290016011002,42.0
360290016011003,42.0
360290016011004,42.0
360290016011005,42.0
360290016011006,42.0
360290016011007,46.0
360290016011008,42.0
360290016011009,42.0
360290016011010,42.0
360290016011011,46.0
360290016011012,42.0
360290016011013,42.0
360290016011014,42.0
360290016011015,42.0
360290016011016,42.0
360290016011017,42.0
360290016011018,42.0
360290016011019,42.0
360290016011020,42.0
360290016011021,42.0
360290016011022,42.0
360290016021000,42.0
360290016021001,42.0
360290016021002,42.0
360290016021003,42.0
360290016021004,42.0
360290016021005,42.0
360290016021006,42.0
360290016021007,42.0
360290016021008,42.0
360290016021009,42.0
360290016021010,42.0
360290016021011,42.0
360290016021012,42.0
360290016021013,42.0
360290016021014,42.0
360290016021015,42.0
360290016021016,42.0
360290016021017,42.0
360290016021018,42.0
360290016021019,42.0
360290016021020,42.0
360290016021021,42.0
360290016021022,42.0
360290016021023,42.0
360290016021024,42.0
360290016021025,42.0
360290016021026,42.0
360290016021027,42.0
360290016021028,42.0
360290016021029,42.0
360290016021030,42.0
360290016021031,42.0
360290017001000,42.0
360290017001001,42.0
360290017001002,42.0
360290017001003,42.0
360290017001004,42.0
360290017001005,42.0
360290017001006,42.0
360290017001007,42.0
360290017001008,42.0
360290017001009,42.0
360290017001010,42.0
360290017001011,42.0
360290017001012,42.0
360290017001013,42.0
360290017001014,42.0
360290017001015,42.0
360290017001016,42.0
360290017001017,42.0
360290017001018,42.0
360290017001019,42.0
360290017001020,42.0
360290017001021,42.0
360290017001022,42.0
360290017001023,42.0
360290017002000,42.0
360290017002001,42.0
360290017002002,42.0
360290017002003,42.0
360290017002004,42.0
360290017002005,42.0
360290017002006,42.0
360290017002007,42.0
360290017002008,42.0
360290017002009,42.0
360290017002010,42.0
360290017002011,42.0
360290017002012,42.0
360290017002013,42.0
360290017002014,42.0
360290017002015,42.0
360290017002016,42.0
360290017002017,42.0
360290017002018,42.0
360290017002019,42.0
360290017002020,42.0
360290017002021,42.0
360290019001000,42.0
360290019001001,42.0
360290019001002,42.0
360290019001003,42.0
360290019001004,42.0
360290019001005,42.0
360290019001006,42.0
360290019001007,42.0
360290019001008,42.0
360290019002000,42.0
360290019002001,42.0
360290019002002,42.0
360290019002003,42.0
360290019002004,42.0
360290019002005,42.0
360290019002006,42.0
360290019002007,42.0
360290019002008,42.0
360290019002009,41.0
360290019002010,41.0
360290019002011,41.0
360290019003000,42.0
360290019003001,42.0
360290019003002,42.0
360290019003003,42.0
360290019003004,42.0
360290023001000,46.0
360290023001001,46.0
360290023001002,46.0
360290023001003,46.0
360290023001004,42.0
360290023001005,46.0
360290023001006,46.0
360290023001007,42.0
360290023001008,42.0
360290023001009,46.0
360290023001010,42.0
360290023002000,46.0
360290023002001,46.0
360290023002002,46.0
360290023002003,46.0
360290023002004,46.0
360290023002005,46.0
360290023003000,46.0
360290023003001,46.0
360290023003002,46.0
360290023003003,42.0
360290023003004,42.0
360290023003005,42.0
360290023004000,46.0
360290023004001,46.0
360290023004002,46.0
360290023004003,42.0
360290023004004,42.0
360290023004005,46.0
360290024001000,46.0
360290024001001,46.0
360290024001002,46.0
360290024001003,46.0
360290024001004,46.0
360290024001005,46.0
360290024001006,46.0
360290024002000,46.0
360290024002001,46.0
360290024002002,46.0
360290024002003,46.0
360290024002004,46.0
360290024002005,46.0
360290024002006,46.0
360290024003000,46.0
360290024003001,46.0
360290024003002,46.0
360290024003003,46.0
360290024003004,46.0
360290024003005,46.0
360290024003006,42.0
360290024003007,42.0
360290024003008,42.0
360290024003009,42.0
360290024003010,46.0
360290024003011,46.0
360290024003012,42.0
360290024003013,46.0
360290024004000,46.0
360290024004001,46.0
360290024004002,46.0
360290024004003,46.0
360290024004004,46.0
360290024004005,46.0
360290024004006,46.0
360290024004007,46.0
360290024004008,46.0
360290024004009,46.0
360290024004010,46.0
360290024005000,42.0
360290024005001,42.0
360290024005002,42.0
360290024005003,42.0
360290024005004,42.0
360290024005005,42.0
360290024005006,42.0
360290024005007,42.0
360290024005008,42.0
360290024005009,42.0
360290024005010,42.0
360290024005011,42.0
360290024005012,46.0
360290024005013,42.0
360290024005014,42.0
360290024005015,42.0
360290024005016,42.0
360290024005017,42.0
360290025021000,26.0
360290025021001,26.0
360290025021002,26.0
360290025021003,26.0
360290025021004,26.0
360290025021005,26.0
360290025021006,26.0
360290025021007,26.0
360290025021008,26.0
360290025021009,26.0
360290025021010,26.0
360290025021011,26.0
360290025021012,26.0
360290025021013,26.0
360290025021014,26.0
360290025021015,26.0
360290025021016,26.0
360290025021017,26.0
360290025021018,26.0
360290025022000,26.0
360290025022001,26.0
360290025022002,26.0
360290025022003,26.0
360290025022004,26.0
360290025022005,26.0
360290025022006,26.0
360290025022007,42.0
360290025022008,26.0
360290025022009,26.0
360290025022010,26.0
360290025022011,26.0
360290025022012,26.0
360290025023000,26.0
360290025023001,26.0
360290025023002,26.0
360290025023003,26.0
360290025023004,26.0
360290025023005,26.0
360290025023006,26.0
360290025023007,26.0
360290025023008,26.0
360290025023009,26.0
360290025023010,26.0
360290025023011,26.0
360290025023012,26.0
360290025023013,26.0
360290025023014,26.0
360290025023015,26.0
360290025023016,26.0
360290025023017,26.0
360290025023018,26.0
360290025023019,26.0
360290025023020,26.0
360290025023021,26.0
360290025023022,26.0
360290025023023,26.0
360290027031000,46.0
360290027031001,46.0
360290027031002,26.0
360290027031003,42.0
360290027031004,46.0
360290027031005,46.0
360290027031006,46.0
360290027031007,46.0
360290027031008,42.0
360290027031009,42.0
360290027031010,46.0
360290027031011,46.0
360290027031012,42.0
360290027031013,42.0
360290027031014,42.0
360290027031015,42.0
360290027031016,42.0
360290027041000,46.0
360290027041001,46.0
360290027041002,46.0
360290027041003,46.0
360290027041004,46.0
360290027041005,46.0
360290027042000,46.0
360290027042001,46.0
360290027042002,46.0
360290027042003,46.0
360290027042004,46.0
360290027042005,46.0
360290027043000,46.0
360290027043001,46.0
360290027043002,46.0
360290027043003,42.0
360290027043004,42.0
360290027043005,42.0
360290028011000,46.0
360290028011001,46.0
360290028011002,46.0
360290028011003,46.0
360290028011004,42.0
360290028011005,42.0
360290028011006,42.0
360290028011007,46.0
360290028011008,42.0
360290028011009,46.0
360290028011010,46.0
360290028012000,46.0
360290028012001,46.0
360290028012002,46.0
360290028012003,46.0
360290028012004,46.0
360290028021000,46.0
360290028021001,46.0
360290028021002,46.0
360290028021003,46.0
360290028021004,46.0
360290028021005,46.0
360290028021006,46.0
360290028021007,46.0
360290028021008,46.0
360290028021009,46.0
360290028021010,46.0
360290028021011,46.0
360290028021012,46.0
360290028021013,46.0
360290028021014,46.0
360290028021015,46.0
360290028021016,46.0
360290028021017,46.0
360290028021018,46.0
360290028021019,46.0
360290029001000,46.0
360290029001001,46.0
360290029001002,46.0
360290029001003,46.0
360290029001004,46.0
360290029001005,46.0
360290029002000,46.0
360290029002001,46.0
360290029002002,46.0
360290029002003,46.0
360290029002004,46.0
360290029002005,46.0
360290029002006,46.0
360290029003000,46.0
360290029003001,46.0
360290029003002,46.0
360290029003003,46.0
360290029003004,46.0
360290029003005,46.0
360290029004000,46.0
360290029004001,46.0
360290029004002,46.0
360290029004003,46.0
360290029004004,46.0
360290029004005,46.0
360290029004006,46.0
360290030001000,46.0
360290030001001,46.0
360290030001002,46.0
360290030001003,46.0
360290030001004,46.0
360290030001005,46.0
360290030002000,46.0
360290030002001,46.0
360290030002002,46.0
360290030002003,46.0
360290030002004,46.0
360290030002005,46.0
360290030002006,46.0
360290030002007,46.0
360290030002008,46.0
360290030002009,46.0
360290030002010,46.0
360290030002011,46.0
360290030002012,46.0
360290030002013,46.0
360290030003000,46.0
360290030003001,46.0
360290030003002,46.0
360290030003003,46.0
360290030003004,46.0
360290031001000,26.0
360290031001001,26.0
360290031001002,26.0
360290031001003,26.0
360290031001004,26.0
360290031001005,26.0
360290031001006,26.0
360290031001007,26.0
360290031001008,26.0
360290031001009,26.0
360290031001010,26.0
360290031001011,26.0
360290031001012,26.0
360290031001013,26.0
360290031001014,26.0
360290031001015,26.0
360290031001016,26.0
360290031001017,26.0
360290031001018,26.0
360290031001019,26.0
360290031001020,26.0
360290031002000,26.0
360290031002001,26.0
360290031002002,26.0
360290031002003,26.0
360290031002004,26.0
360290031002005,26.0
360290031002006,26.0
360290031002007,26.0
360290031002008,26.0
360290031002009,26.0
360290031002010,26.0
360290031002011,26.0
360290031002012,26.0
360290031002013,26.0
360290031002014,26.0
360290031002015,26.0
360290031002016,26.0
360290031002017,26.0
360290031002018,26.0
360290031003000,26.0
360290031003001,26.0
360290031003002,26.0
360290031003003,26.0
360290031003004,26.0
360290031003005,26.0
360290031003006,26.0
360290031003007,26.0
360290031003008,26.0
360290031003009,26.0
360290031003010,26.0
360290031003011,26.0
360290031003012,26.0
360290031003013,26.0
360290031003014,26.0
360290031003015,26.0
360290031003016,26.0
360290031003017,26.0
360290031003018,26.0
360290031004000,26.0
360290031004001,26.0
360290031004002,26.0
360290031004003,26.0
360290031004004,26.0
360290031004005,26.0
360290031004006,26.0
360290031004007,26.0
360290031004008,26.0
360290031004009,26.0
360290031004010,26.0
360290031004011,26.0
360290031004012,26.0
360290031004013,26.0
360290031004014,26.0
360290031004015,26.0
360290031004016,26.0
360290031004017,26.0
360290031004018,26.0
360290033011000,27.0
360290033011001,27.0
360290033011002,27.0
360290033011003,27.0
360290033012000,27.0
360290033012001,27.0
360290033012002,27.0
360290033012003,27.0
360290033012004,27.0
360290033012005,27.0
360290033012006,27.0
360290033012007,27.0
360290033012008,27.0
360290033012009,27.0
360290033012010,27.0
360290033012011,27.0
360290033013000,27.0
360290033013001,27.0
360290033013002,27.0
360290033013003,27.0
360290033013004,27.0
360290033013005,27.0
360290033013006,27.0
360290033014000,27.0
360290033014001,27.0
360290033014002,27.0
360290033014003,27.0
360290033014004,27.0
360290033021000,27.0
360290033021001,27.0
360290033021002,27.0
360290033021003,27.0
360290033021004,27.0
360290033021005,26.0
360290033021006,26.0
360290033021007,26.0
360290033021008,26.0
360290033021009,26.0
360290033021010,26.0
360290033021011,26.0
360290033021012,26.0
360290033022000,26.0
360290033022001,26.0
360290033022002,26.0
360290033022003,26.0
360290033022004,26.0
360290033022005,26.0
360290033022006,26.0
360290033022007,26.0
360290033022008,26.0
360290033022009,26.0
360290033022010,26.0
360290033022011,26.0
360290033022012,26.0
360290033022013,26.0
360290033022014,26.0
360290033023000,27.0
360290033023001,27.0
360290033023002,27.0
360290033023003,27.0
360290033023004,27.0
360290033023005,27.0
360290033023006,27.0
360290033023007,27.0
360290033023008,27.0
360290033023009,27.0
360290033023010,27.0
360290033023011,27.0
360290033023012,27.0
360290033023013,27.0
360290033023014,27.0
360290033023015,27.0
360290033024000,26.0
360290033024001,26.0
360290033024002,26.0
360290033024003,26.0
360290033024004,26.0
360290033024005,26.0
360290034001000,27.0
360290034001001,27.0
360290034001002,27.0
360290034001003,46.0
360290034001004,46.0
360290034001005,46.0
360290034002000,27.0
360290034002001,27.0
360290034002002,27.0
360290034002003,27.0
360290034002004,46.0
360290034002005,27.0
360290034003000,27.0
360290034003001,27.0
360290034003002,27.0
360290034003003,27.0
360290034003004,27.0
360290034003005,27.0
360290034003006,27.0
360290034004000,46.0
360290034004001,46.0
360290034004002,46.0
360290034004003,46.0
360290034005000,27.0
360290034005001,27.0
360290034005002,27.0
360290034005003,27.0
360290034005004,27.0
360290034005005,27.0
360290034005006,27.0
360290034005007,27.0
360290034005008,27.0
360290034005009,27.0
360290034005010,27.0
360290034005011,27.0
360290034005012,27.0
360290034005013,27.0
360290034005014,27.0
360290034005015,27.0
360290034005016,27.0
360290034005017,27.0
360290035011000,46.0
360290035011001,46.0
360290035011002,46.0
360290035011003,46.0
360290035011004,46.0
360290035011005,46.0
360290035011006,46.0
360290035011007,46.0
360290035011008,46.0
360290035011009,26.0
360290035011010,26.0
360290035011011,26.0
360290035011012,26.0
360290035011013,26.0
360290035011014,26.0
360290035011015,26.0
360290035011016,46.0
360290035011017,26.0
360290035012000,46.0
360290035012001,46.0
360290035012002,46.0
360290035012003,46.0
360290035012004,46.0
360290035012005,46.0
360290035012006,46.0
360290035012007,46.0
360290035012008,46.0
360290035012009,46.0
360290035012010,46.0
360290035021000,46.0
360290035021001,27.0
360290035021002,27.0
360290035021003,27.0
360290035021004,27.0
360290035021005,46.0
360290035021006,27.0
360290035021007,27.0
360290035021008,27.0
360290035021009,27.0
360290035022000,46.0
360290035022001,26.0
360290035022002,26.0
360290035022003,26.0
360290035022004,26.0
360290035022005,26.0
360290035022006,26.0
360290035022007,26.0
360290035022008,26.0
360290035022009,26.0
360290035022010,26.0
360290035022011,26.0
360290035022012,26.0
360290035022013,26.0
360290035022014,26.0
360290035022015,26.0
360290035022016,26.0
360290035022017,26.0
360290035022018,26.0
360290035022019,26.0
360290035022020,26.0
360290035022021,26.0
360290035022022,26.0
360290036001000,46.0
360290036001001,46.0
360290036001002,46.0
360290036001003,46.0
360290036001004,46.0
360290036001005,46.0
360290036001006,46.0
360290036001007,46.0
360290036001008,46.0
360290036001009,46.0
360290036001010,46.0
360290036002000,46.0
360290036002001,46.0
360290036002002,46.0
360290036003000,46.0
360290036003001,46.0
360290036003002,46.0
360290036003003,46.0
360290036003004,46.0
360290036003005,46.0
360290036003006,46.0
360290036003007,46.0
360290036003008,46.0
360290036003009,46.0
360290036004000,46.0
360290036004001,46.0
360290036004002,46.0
360290036004003,27.0
360290036004004,46.0
360290036004005,46.0
360290036004006,46.0
360290036004007,46.0
360290036004008,46.0
360290036004009,46.0
360290036004010,46.0
360290036004011,46.0
360290036004012,46.0
360290036004013,46.0
360290036004014,46.0
360290037001000,45.0
360290037001001,45.0
360290037001002,45.0
360290037001003,46.0
360290037001004,46.0
360290037001005,46.0
360290037001006,46.0
360290037002000,46.0
360290037002001,46.0
360290037002002,46.0
360290037002003,46.0
360290037002004,46.0
360290037002005,46.0
360290037002006,46.0
360290037002007,46.0
360290037003000,46.0
360290037003001,46.0
360290037003002,46.0
360290037003003,45.0
360290037003004,46.0
360290037003005,46.0
360290037004000,46.0
360290037004001,46.0
360290037004002,46.0
360290037004003,46.0
360290037004004,46.0
360290037004005,46.0
360290037004006,46.0
360290037004007,46.0
360290037004008,46.0
360290037004009,46.0
360290037004010,46.0
360290037004011,46.0
360290038001000,45.0
360290038001001,45.0
360290038001002,45.0
360290038001003,45.0
360290038001004,46.0
360290038001005,46.0
360290038001006,46.0
360290038002000,46.0
360290038002001,46.0
360290038002002,46.0
360290038002003,46.0
360290038002004,46.0
360290038002005,46.0
360290038003000,46.0
360290038003001,46.0
360290038003002,46.0
360290038003003,46.0
360290038003004,46.0
360290039011000,27.0
360290039011001,27.0
360290039011002,27.0
360290039011003,27.0
360290039011004,27.0
360290039011005,27.0
360290039011006,27.0
360290039011007,27.0
360290039011008,27.0
360290039011009,27.0
360290039011010,27.0
360290039011011,27.0
360290039011012,27.0
360290039011013,27.0
360290039011014,27.0
360290039011015,27.0
360290039011016,27.0
360290039011017,27.0
360290039011018,27.0
360290039011019,27.0
360290040021000,27.0
360290040021001,27.0
360290040021002,27.0
360290040021003,27.0
360290040021004,27.0
360290040021005,27.0
360290040021006,27.0
360290040021007,27.0
360290040021008,27.0
360290040021009,27.0
360290040021010,27.0
360290040021011,27.0
360290040021012,27.0
360290040021013,27.0
360290040021014,27.0
360290040021015,27.0
360290040022000,16.0
360290040022001,16.0
360290040022002,16.0
360290040022003,16.0
360290040022004,27.0
360290040022005,27.0
360290040022006,27.0
360290040031000,27.0
360290040031001,27.0
360290040031002,27.0
360290040031003,27.0
360290040031004,27.0
360290040031005,27.0
360290040031006,27.0
360290040031007,27.0
360290040032000,27.0
360290040032001,27.0
360290040032002,27.0
360290040032003,27.0
360290040032004,27.0
360290040032005,27.0
360290040032006,27.0
360290040032007,27.0
360290040032008,27.0
360290040033000,27.0
360290040033001,27.0
360290040033002,16.0
360290040033003,27.0
360290040033004,27.0
360290040033005,27.0
360290040033006,27.0
360290040033007,27.0
360290040033008,27.0
360290040033009,27.0
360290040033010,27.0
360290041001000,45.0
360290041001001,27.0
360290041001002,45.0
360290041001003,45.0
360290041001004,45.0
360290041001005,45.0
360290041001006,45.0
360290041001007,45.0
360290041001008,45.0
360290041001009,45.0
360290041001010,45.0
360290041002000,45.0
360290041002001,45.0
360290041002002,45.0
360290041002003,45.0
360290041002004,45.0
360290041002005,45.0
360290041002006,45.0
360290041002007,45.0
360290041002008,45.0
360290041003000,45.0
360290041003001,45.0
360290041003002,45.0
360290041003003,45.0
360290041003004,45.0
360290041003005,45.0
360290041003006,45.0
360290041004000,45.0
360290041004001,45.0
360290041004002,45.0
360290041004003,45.0
360290041004004,45.0
360290042001000,45.0
360290042001001,45.0
360290042001002,45.0
360290042001003,45.0
360290042001004,45.0
360290042001005,45.0
360290042002000,45.0
360290042002001,45.0
360290042002002,45.0
360290042002003,45.0
360290042002004,45.0
360290042002005,45.0
360290042003000,45.0
360290042003001,45.0
360290042003002,45.0
360290042003003,45.0
360290042003004,45.0
360290042003005,45.0
360290042003006,45.0
360290042004000,45.0
360290042004001,45.0
360290042004002,45.0
360290042004003,45.0
360290042005000,45.0
360290042005001,45.0
360290042005002,45.0
360290042005003,45.0
360290042005004,45.0
360290042005005,45.0
360290042005006,45.0
360290042005007,45.0
360290043001000,16.0
360290043001001,27.0
360290043001002,16.0
360290043001003,45.0
360290043001004,45.0
360290043001005,45.0
360290043002000,45.0
360290043002001,45.0
360290043002002,45.0
360290043002003,45.0
360290043002004,45.0
360290043002005,45.0
360290043003000,45.0
360290043003001,45.0
360290043003002,45.0
360290043003003,45.0
360290043003004,45.0
360290043003005,45.0
360290043004000,16.0
360290043004001,45.0
360290043004002,16.0
360290043004003,45.0
360290043004004,45.0
360290043004005,45.0
360290043004006,45.0
360290043004007,45.0
360290043004008,45.0
360290043005000,16.0
360290043005001,27.0
360290043005002,27.0
360290043005003,27.0
360290043005004,45.0
360290043005005,45.0
360290043006000,45.0
360290043006001,45.0
360290043006002,45.0
360290043006003,45.0
360290043006004,45.0
360290043006005,45.0
360290043006006,45.0
360290043006007,45.0
360290043006008,45.0
360290043006009,45.0
360290043006010,45.0
360290043007000,45.0
360290043007001,45.0
360290043007002,45.0
360290043007003,45.0
360290043007004,45.0
360290043007005,45.0
360290044011000,45.0
360290044011001,45.0
360290044011002,45.0
360290044011003,45.0
360290044011004,45.0
360290044011005,45.0
360290044012000,45.0
360290044012001,45.0
360290044012002,45.0
360290044012003,45.0
360290044012004,45.0
360290044012005,45.0
360290044012006,45.0
360290044012007,45.0
360290044012008,45.0
360290044013000,45.0
360290044013001,45.0
360290044013002,45.0
360290044013003,45.0
360290044013004,45.0
360290044013005,45.0
360290044013006,45.0
360290044013007,45.0
360290044013008,45.0
360290044013009,45.0
360290044014000,45.0
360290044014001,45.0
360290044014002,45.0
360290044014003,45.0
360290044014004,45.0
360290044014005,45.0
360290044021000,45.0
360290044021001,45.0
360290044021002,45.0
360290044021003,45.0
360290044021004,45.0
360290044021005,45.0
360290044021006,45.0
360290044021007,45.0
360290044022000,45.0
360290044022001,45.0
360290044022002,45.0
360290044022003,45.0
360290044022004,45.0
360290044022005,45.0
360290044022006,45.0
360290044022007,45.0
360290044022008,45.0
360290044022009,45.0
360290045001000,16.0
360290045001001,16.0
360290045001002,16.0
360290045001003,16.0
360290045001004,16.0
360290045001005,16.0
360290045001006,16.0
360290045001007,16.0
360290045001008,16.0
360290045001009,16.0
360290045001010,16.0
360290045001011,16.0
360290045002000,27.0
360290045002001,27.0
360290045002002,27.0
360290045002003,27.0
360290045002004,27.0
360290045002005,27.0
360290045002006,27.0
360290045002007,27.0
360290045002008,27.0
360290045002009,27.0
360290045003000,16.0
360290045003001,16.0
360290045003002,16.0
360290045003003,16.0
360290045003004,16.0
360290045003005,16.0
360290045003006,16.0
360290045003007,16.0
360290045003008,16.0
360290045003009,16.0
360290045003010,16.0
360290045003011,16.0
360290045003012,16.0
360290045003013,16.0
360290045003014,16.0
360290045003015,16.0
360290045004000,16.0
360290045004001,16.0
360290045004002,16.0
360290045004003,16.0
360290045004004,16.0
360290045004005,16.0
360290045004006,16.0
360290045004007,16.0
360290045004008,16.0
360290045004009,16.0
360290045004010,16.0
360290045004011,16.0
360290045004012,16.0
360290045004013,16.0
360290045004014,16.0
360290045004015,16.0
360290045004016,16.0
360290045004017,16.0
360290045004018,16.0
360290045005000,16.0
360290045005001,16.0
360290045005002,16.0
360290045005003,16.0
360290045005004,16.0
360290045005005,16.0
360290045005006,16.0
360290045005007,16.0
360290045005008,16.0
360290045005009,16.0
360290045005010,16.0
360290045005011,16.0
360290045005012,16.0
360290045006000,16.0
360290045006001,16.0
360290045006002,16.0
360290045006003,16.0
360290045006004,16.0
360290045006005,16.0
360290045006006,16.0
360290045006007,16.0
360290045006008,16.0
360290046011000,16.0
360290046011001,16.0
360290046011002,16.0
360290046011003,16.0
360290046011004,16.0
360290046011005,16.0
360290046011006,16.0
360290046011007,16.0
360290046012000,16.0
360290046012001,16.0
360290046012002,16.0
360290046012003,16.0
360290046012004,16.0
360290046012005,16.0
360290046012006,16.0
360290046012007,16.0
360290046012008,16.0
360290046013000,16.0
360290046013001,16.0
360290046013002,16.0
360290046013003,16.0
360290046013004,16.0
360290046013005,16.0
360290046013006,16.0
360290046013007,16.0
360290046013008,16.0
360290046013009,16.0
360290046013010,16.0
360290046014000,16.0
360290046014001,16.0
360290046014002,16.0
360290046014003,16.0
360290046014004,16.0
360290046014005,16.0
360290046014006,16.0
360290046014007,16.0
360290046014008,16.0
360290046014009,16.0
360290046014010,16.0
360290046014011,16.0
360290046014012,16.0
360290047011000,45.0
360290047011001,45.0
360290047011002,45.0
360290047011003,45.0
360290047011004,45.0
360290047011005,45.0
360290047011006,45.0
360290047012000,45.0
360290047012001,45.0
360290047012002,45.0
360290047012003,45.0
360290047012004,45.0
360290047012005,45.0
360290047012006,45.0
360290047012007,45.0
360290047021000,27.0
360290047021001,27.0
360290047021002,27.0
360290047021003,16.0
360290047021004,45.0
360290047021005,45.0
360290047021006,45.0
360290047021007,45.0
360290047022000,45.0
360290047022001,45.0
360290047022002,45.0
360290047022003,45.0
360290047022004,45.0
360290047022005,45.0
360290047022006,45.0
360290047022007,45.0
360290047022008,45.0
360290047022009,45.0
360290047022010,45.0
360290047023000,27.0
360290047023001,16.0
360290047023002,27.0
360290047023003,45.0
360290047023004,45.0
360290048001000,16.0
360290048001001,16.0
360290048001002,16.0
360290048001003,16.0
360290048001004,16.0
360290048001005,16.0
360290048001006,16.0
360290048001007,16.0
360290048002000,16.0
360290048002001,16.0
360290048002002,16.0
360290048002003,16.0
360290048002004,16.0
360290048002005,16.0
360290048002006,16.0
360290048002007,16.0
360290048002008,16.0
360290048002009,16.0
360290048002010,16.0
360290048002011,16.0
360290048002012,16.0
360290048002013,16.0
360290048002014,16.0
360290048003000,16.0
360290048003001,16.0
360290048003002,16.0
360290048003003,16.0
360290048003004,16.0
360290048003005,16.0
360290048003006,16.0
360290048003007,16.0
360290048003008,16.0
360290048003009,16.0
360290048003010,16.0
360290048003011,16.0
360290048003012,16.0
360290048003013,16.0
360290049011000,16.0
360290049011001,16.0
360290049011002,16.0
360290049011003,16.0
360290049011004,16.0
360290049011005,16.0
360290049012000,16.0
360290049012001,16.0
360290049012002,16.0
360290049012003,16.0
360290049012004,16.0
360290049021000,16.0
360290049021001,16.0
360290049021002,16.0
360290049021003,16.0
360290049021004,16.0
360290049021005,16.0
360290049021006,16.0
360290049022000,16.0
360290049022001,16.0
360290049022002,16.0
360290049022003,16.0
360290049022004,16.0
360290049022005,16.0
360290049022006,16.0
360290049023000,16.0
360290049023001,16.0
360290049023002,16.0
360290049023003,16.0
360290049023004,16.0
360290049023005,16.0
360290050001000,16.0
360290050001001,16.0
360290050001002,16.0
360290050001003,16.0
360290050001004,16.0
360290050001005,16.0
360290050002000,16.0
360290050002001,16.0
360290050002002,16.0
360290050002003,16.0
360290050002004,16.0
360290050002005,16.0
360290050003000,16.0
360290050003001,16.0
360290050003002,16.0
360290050003003,16.0
360290050003004,16.0
360290050003005,16.0
360290051001000,16.0
360290051001001,16.0
360290051001002,16.0
360290051001003,16.0
360290051001004,16.0
360290051001005,16.0
360290051001006,16.0
360290051001007,16.0
360290051001008,16.0
360290051001009,16.0
360290051001010,16.0
360290051001011,16.0
360290051001012,16.0
360290051001013,16.0
360290051002000,16.0
360290051002001,16.0
360290051002002,16.0
360290051002003,16.0
360290051003000,16.0
360290051003001,16.0
360290051003002,16.0
360290051003003,16.0
360290051003004,16.0
360290051003005,16.0
360290051004000,16.0
360290051004001,16.0
360290051004002,16.0
360290051004003,16.0
360290052011000,16.0
360290052011001,16.0
360290052011002,16.0
360290052011003,15.0
360290052011004,16.0
360290052011005,16.0
360290052011006,15.0
360290052011007,15.0
360290052011008,15.0
360290052012000,27.0
360290052012001,16.0
360290052012002,16.0
360290052012003,27.0
360290052012004,27.0
360290052012005,27.0
360290052013000,27.0
360290052013001,27.0
360290052013002,27.0
360290052013003,27.0
360290052013004,27.0
360290052013005,27.0
360290052013006,27.0
360290052013007,27.0
360290052013008,27.0
360290052013009,27.0
360290052014000,15.0
360290052014001,15.0
360290052014002,15.0
360290052014003,27.0
360290052014004,27.0
360290052014005,27.0
360290052014006,15.0
360290052021000,27.0
360290052021001,27.0
360290052021002,27.0
360290052021003,27.0
360290052021004,27.0
360290052021005,27.0
360290052021006,27.0
360290052021007,27.0
360290052021008,27.0
360290052021009,27.0
360290052021010,27.0
360290052022000,27.0
360290052022001,27.0
360290052022002,27.0
360290052022003,27.0
360290052022004,27.0
360290052022005,27.0
360290052022006,27.0
360290052022007,27.0
360290052022008,27.0
360290052022009,27.0
360290052022010,27.0
360290053001000,15.0
360290053001001,15.0
360290053001002,15.0
360290053001003,15.0
360290053001004,15.0
360290053001005,15.0
360290053001006,27.0
360290053001007,15.0
360290053001008,27.0
360290053001009,27.0
360290053001010,27.0
360290053001011,27.0
360290053001012,27.0
360290053001013,27.0
360290053001014,15.0
360290053001015,15.0
360290053002000,15.0
360290053002001,15.0
360290053002002,15.0
360290053002003,27.0
360290053002004,27.0
360290053002005,27.0
360290053002006,27.0
360290053002007,27.0
360290053002008,27.0
360290053002009,27.0
360290053002010,27.0
360290053002011,15.0
360290054001000,16.0
360290054001001,17.0
360290054001002,17.0
360290054001003,17.0
360290054001004,17.0
360290054001005,17.0
360290054001006,17.0
360290054001007,17.0
360290054001008,17.0
360290054001009,17.0
360290054001010,17.0
360290054001011,15.0
360290054001012,15.0
360290054001013,15.0
360290054001014,15.0
360290054002000,17.0
360290054002001,17.0
360290054002002,17.0
360290054002003,17.0
360290054002004,17.0
360290054002005,17.0
360290054002006,17.0
360290054003000,17.0
360290054003001,17.0
360290054003002,17.0
360290054003003,17.0
360290054003004,15.0
360290054003005,15.0
360290054003006,15.0
360290054003007,15.0
360290054004000,16.0
360290054004001,16.0
360290054004002,16.0
360290054004003,16.0
360290054004004,16.0
360290054004005,16.0
360290055001000,17.0
360290055001001,17.0
360290055001002,17.0
360290055001003,17.0
360290055001004,17.0
360290055001005,17.0
360290055001006,17.0
360290055002000,17.0
360290055002001,17.0
360290055002002,17.0
360290055002003,17.0
360290055002004,17.0
360290055003000,17.0
360290055003001,17.0
360290055003002,17.0
360290055003003,17.0
360290055003004,17.0
360290055003005,17.0
360290055003006,17.0
360290055003007,17.0
360290055003008,17.0
360290055003009,17.0
360290055003010,17.0
360290055003011,17.0
360290055003012,17.0
360290055004000,17.0
360290055004001,17.0
360290055004002,17.0
360290055004003,17.0
360290055004004,17.0
360290056001000,17.0
360290056001001,17.0
360290056001002,17.0
360290056001003,17.0
360290056001004,17.0
360290056001005,17.0
360290056001006,17.0
360290056002000,17.0
360290056002001,17.0
360290056002002,17.0
360290056002003,17.0
360290056002004,17.0
360290056002005,17.0
360290056002006,17.0
360290056002007,17.0
360290056002008,17.0
360290056002009,17.0
360290056003000,17.0
360290056003001,17.0
360290056003002,17.0
360290056003003,17.0
360290056003004,17.0
360290056003005,17.0
360290056003006,17.0
360290056003007,17.0
360290056003008,17.0
360290056003009,17.0
360290056003010,17.0
360290056004000,17.0
360290056004001,17.0
360290056004002,17.0
360290056004003,17.0
360290056004004,17.0
360290056004005,17.0
360290056004006,17.0
360290056005000,17.0
360290056005001,17.0
360290056005002,17.0
360290056005003,17.0
360290056005004,17.0
360290056005005,17.0
360290057001000,17.0
360290057001001,17.0
360290057001002,17.0
360290057001003,17.0
360290057001004,17.0
360290057002000,17.0
360290057002001,17.0
360290057002002,17.0
360290057002003,17.0
360290057002004,17.0
360290057002005,17.0
360290057002006,17.0
360290057003000,17.0
360290057003001,17.0
360290057003002,17.0
360290057003003,17.0
360290057003004,17.0
360290057003005,17.0
360290057003006,17.0
360290057003007,17.0
360290057003008,17.0
360290057003009,17.0
360290057003010,17.0
360290058011000,17.0
360290058011001,17.0
360290058011002,17.0
360290058011003,17.0
360290058011004,17.0
360290058011005,17.0
360290058011006,17.0
360290058011007,17.0
360290058011008,17.0
360290058011009,17.0
360290058011010,17.0
360290058011011,17.0
360290058011012,17.0
360290058011013,17.0
360290058011014,17.0
360290058011015,17.0
360290058012000,17.0
360290058012001,17.0
360290058012002,17.0
360290058012003,17.0
360290058012004,17.0
360290058012005,17.0
360290058012006,17.0
360290058012007,17.0
360290058012008,17.0
360290058013000,17.0
360290058013001,17.0
360290058013002,17.0
360290058013003,17.0
360290058013004,17.0
360290058013005,17.0
360290058013006,17.0
360290058021000,17.0
360290058021001,17.0
360290058021002,17.0
360290058021003,17.0
360290058021004,17.0
360290058021005,17.0
360290058021006,17.0
360290058022000,17.0
360290058022001,17.0
360290058022002,17.0
360290058022003,17.0
360290058022004,17.0
360290058022005,17.0
360290058022007,17.0
360290058022009,17.0
360290058022010,17.0
360290058022011,17.0
360290058022012,17.0
360290058022013,17.0
360290058023000,17.0
360290058023001,17.0
360290058023002,17.0
360290058023003,17.0
360290058023004,17.0
360290058024000,17.0
360290058024001,17.0
360290058024002,17.0
360290058024003,17.0
360290058024004,17.0
360290058024005,17.0
360290059001000,17.0
360290059001001,17.0
360290059001002,17.0
360290059001003,17.0
360290059001004,17.0
360290059001005,17.0
360290059001006,17.0
360290059001007,17.0
360290059001008,17.0
360290059002000,17.0
360290059002001,17.0
360290059002002,17.0
360290059002003,17.0
360290059002004,17.0
360290059002005,17.0
360290059002006,17.0
360290059002007,17.0
360290059002008,17.0
360290059003000,17.0
360290059003001,17.0
360290059003002,17.0
360290059003003,17.0
360290059003004,17.0
360290059003005,17.0
360290059003006,17.0
360290059003007,17.0
360290059004000,17.0
360290059004001,17.0
360290059004002,17.0
360290059004003,17.0
360290059004004,17.0
360290059004005,17.0
360290059004006,17.0
360290059005000,17.0
360290059005001,17.0
360290059005002,17.0
360290059005003,17.0
360290059005004,17.0
360290059005006,17.0
360290059005009,17.0
360290059005010,17.0
360290059005011,17.0
360290059005012,17.0
360290059005013,17.0
360290059005014,17.0
360290059005015,17.0
360290059005016,17.0
360290059005017,17.0
360290059005018,17.0
360290059005019,17.0
360290059005020,17.0
360290059005021,17.0
360290059005022,17.0
360290059005023,17.0
360290059005024,17.0
360290061001000,15.0
360290061001001,15.0
360290061001002,15.0
360290061001003,15.0
360290061001004,15.0
360290061001006,15.0
360290061001007,15.0
360290061001009,15.0
360290061001010,15.0
360290061001011,15.0
360290061001012,15.0
360290061001013,15.0
360290061001014,15.0
360290061001015,15.0
360290061001016,15.0
360290061001017,15.0
360290061001018,15.0
360290061001019,15.0
360290061001020,15.0
360290061001021,15.0
360290061001022,15.0
360290061001023,15.0
360290061001024,15.0
360290061001025,15.0
360290061001026,15.0
360290061001027,15.0
360290061002000,15.0
360290061002001,15.0
360290061002002,15.0
360290061002003,15.0
360290061002004,15.0
360290061002005,15.0
360290061003000,15.0
360290061003001,15.0
360290061003002,15.0
360290061003003,15.0
360290061003004,15.0
360290061003005,15.0
360290061003006,15.0
360290061003007,15.0
360290061003008,15.0
360290061003009,15.0
360290061003010,15.0
360290061003011,15.0
360290061004000,15.0
360290061004001,15.0
360290061004002,15.0
360290061004003,15.0
360290061004004,15.0
360290061004005,15.0
360290061004006,15.0
360290061004007,15.0
360290061005000,15.0
360290061005001,15.0
360290061005002,15.0
360290061005003,15.0
360290061005004,15.0
360290061005005,15.0
360290061005006,15.0
360290063011000,15.0
360290063011001,15.0
360290063011002,15.0
360290063011003,15.0
360290063011004,15.0
360290063011005,15.0
360290063012000,15.0
360290063012001,15.0
360290063012002,15.0
360290063012003,15.0
360290063012004,15.0
360290063012005,15.0
360290063012006,15.0
360290063012007,15.0
360290063013000,15.0
360290063013001,15.0
360290063013002,15.0
360290063013003,15.0
360290063013004,15.0
360290063014000,15.0
360290063014001,15.0
360290063014002,15.0
360290063014003,15.0
360290063014004,15.0
360290063014005,15.0
360290063014006,15.0
360290063014007,15.0
360290063015000,15.0
360290063015001,15.0
360290063015002,15.0
360290063015003,15.0
360290063015004,15.0
360290063015005,15.0
360290063021000,15.0
360290063021001,15.0
360290063021002,15.0
360290063021003,15.0
360290063021004,15.0
360290063021005,15.0
360290063021006,15.0
360290063021007,15.0
360290063021008,15.0
360290063021009,27.0
360290063021010,15.0
360290063021011,15.0
360290063021012,15.0
360290063021013,15.0
360290063022000,27.0
360290063022001,27.0
360290063022002,15.0
360290063022003,15.0
360290063022004,15.0
360290063022005,27.0
360290063022006,27.0
360290063023000,27.0
360290063023001,15.0
360290063023002,15.0
360290063023003,15.0
360290063023004,15.0
360290063023005,27.0
360290065011000,15.0
360290065011001,15.0
360290065011002,15.0
360290065011003,15.0
360290065011004,15.0
360290065011005,27.0
360290065011006,15.0
360290065011007,15.0
360290065012000,15.0
360290065012001,15.0
360290065012002,15.0
360290065012003,15.0
360290065012004,15.0
360290065012005,15.0
360290065012006,15.0
360290065012007,15.0
360290065012008,15.0
360290065012009,15.0
360290065013000,15.0
360290065013001,15.0
360290065013002,15.0
360290065013003,15.0
360290065013004,15.0
360290065013005,15.0
360290065014000,15.0
360290065014001,15.0
360290065014002,15.0
360290065014003,15.0
360290065014004,15.0
360290065014005,15.0
360290065014006,15.0
360290066011000,15.0
360290066011001,15.0
360290066011002,15.0
360290066011003,15.0
360290066011004,15.0
360290066011005,15.0
360290066012000,15.0
360290066012001,15.0
360290066012002,15.0
360290066012003,15.0
360290066012004,15.0
360290066012005,15.0
360290066012006,15.0
360290066012007,15.0
360290066012008,15.0
360290066012009,15.0
360290066012010,15.0
360290066012011,15.0
360290066012012,26.0
360290066013000,15.0
360290066013001,15.0
360290066013002,15.0
360290066013003,15.0
360290066013004,15.0
360290066013005,15.0
360290066013006,15.0
360290066021000,27.0
360290066021001,27.0
360290066021002,27.0
360290066021003,27.0
360290066022000,26.0
360290066022001,26.0
360290066022002,26.0
360290066022003,26.0
360290066023000,27.0
360290066023001,27.0
360290067011000,15.0
360290067011001,15.0
360290067011002,15.0
360290067011003,15.0
360290067011004,15.0
360290067011005,15.0
360290067011006,15.0
360290067011007,15.0
360290067011008,15.0
360290067011009,15.0
360290067011010,15.0
360290067012000,26.0
360290067012001,15.0
360290067012002,15.0
360290067012003,26.0
360290067012004,15.0
360290067013000,26.0
360290067013001,15.0
360290067014000,15.0
360290067014001,15.0
360290067021000,26.0
360290067021001,26.0
360290067021002,26.0
360290067021003,26.0
360290067021004,26.0
360290067021005,26.0
360290067022000,26.0
360290067022001,26.0
360290067022002,26.0
360290067022003,26.0
360290067022004,26.0
360290067022005,26.0
360290067023000,26.0
360290067023001,26.0
360290067024000,26.0
360290067024001,26.0
360290067024002,26.0
360290068011000,26.0
360290068011001,26.0
360290068011002,26.0
360290068011003,26.0
360290068011004,26.0
360290068011005,26.0
360290068011006,26.0
360290068011007,26.0
360290068011008,26.0
360290068011009,26.0
360290068011010,26.0
360290068011011,26.0
360290068011012,26.0
360290068011013,26.0
360290068011014,26.0
360290068011015,26.0
360290068021000,26.0
360290068021001,26.0
360290068021002,26.0
360290068021003,26.0
360290068021004,26.0
360290068021005,26.0
360290068022000,26.0
360290068022001,26.0
360290068022002,26.0
360290068022003,26.0
360290068022004,26.0
360290068022005,26.0
360290068022006,26.0
360290068022007,26.0
360290068022008,26.0
360290068022009,26.0
360290068022010,26.0
360290068023000,26.0
360290068023001,26.0
360290068023002,26.0
360290068023003,26.0
360290068023004,26.0
360290068023005,26.0
360290068023006,26.0
360290069011000,15.0
360290069011001,15.0
360290069011002,15.0
360290069011003,15.0
360290069011004,15.0
360290069011005,15.0
360290069011006,15.0
360290069012000,15.0
360290069012001,15.0
360290069012002,15.0
360290069012003,15.0
360290069012004,15.0
360290069013000,15.0
360290069013001,15.0
360290069013002,15.0
360290069013003,15.0
360290069013004,15.0
360290069013005,15.0
360290069013006,15.0
360290069013007,15.0
360290069013008,15.0
360290069013009,15.0
360290069013010,15.0
360290069013011,15.0
360290069013012,15.0
360290069014000,15.0
360290069014001,15.0
360290069014002,15.0
360290069014003,15.0
360290069014004,15.0
360290069031000,15.0
360290069031001,15.0
360290069031002,15.0
360290069031003,15.0
360290069031004,15.0
360290069031005,15.0
360290069031006,15.0
360290069031007,15.0
360290069031008,15.0
360290069031009,15.0
360290069031010,15.0
360290069031011,15.0
360290069031012,15.0
360290069031013,15.0
360290069031014,15.0
360290069031015,26.0
360290069041000,15.0
360290069041001,26.0
360290069041002,26.0
360290069041003,26.0
360290069041004,26.0
360290069041005,15.0
360290069042000,15.0
360290069042001,15.0
360290069042002,15.0
360290069042003,15.0
360290069042004,15.0
360290069042005,15.0
360290069042006,15.0
360290069042007,15.0
360290069043000,15.0
360290069043001,15.0
360290069043002,15.0
360290069043003,15.0
360290069043004,15.0
360290069043005,15.0
360290069043006,15.0
360290069043007,15.0
360290069043008,26.0
360290069043009,26.0
360290070001000,15.0
360290070001001,15.0
360290070001002,15.0
360290070001003,15.0
360290070001004,15.0
360290070001005,15.0
360290070001006,15.0
360290070001007,15.0
360290070001008,15.0
360290070001009,15.0
360290070001010,15.0
360290070001011,15.0
360290070001012,15.0
360290070001015,15.0
360290070002000,15.0
360290070002001,15.0
360290070002002,15.0
360290070002003,15.0
360290070002009,15.0
360290070002010,26.0
360290070002011,26.0
360290070002012,15.0
360290070002013,15.0
360290070002014,26.0
360290070002015,26.0
360290070002016,26.0
360290070002017,26.0
360290070002018,15.0
360290070002019,15.0
360290070003000,15.0
360290070003001,15.0
360290070003002,15.0
360290070003003,15.0
360290070003004,15.0
360290070003005,15.0
360290070003006,15.0
360290070003007,15.0
360290070003008,15.0
360290070003009,15.0
360290070003010,15.0
360290070003011,15.0
360290070003012,15.0
360290070003013,15.0
360290070003014,15.0
360290071021000,42.0
360290071021001,42.0
360290071021002,42.0
360290071021003,42.0
360290071021004,42.0
360290071021005,26.0
360290071021006,42.0
360290071021007,42.0
360290071021008,42.0
360290071021009,42.0
360290071021010,42.0
360290071022000,26.0
360290071022001,26.0
360290071022002,26.0
360290071022003,42.0
360290071022004,42.0
360290071022005,26.0
360290071022006,26.0
360290071022007,26.0
360290071022008,26.0
360290071022009,26.0
360290071023000,26.0
360290071023001,26.0
360290071023002,26.0
360290071023003,26.0
360290071023004,26.0
360290071023005,26.0
360290071023006,26.0
360290071031000,26.0
360290071031001,26.0
360290071031002,26.0
360290071031003,26.0
360290071032000,26.0
360290071032001,26.0
360290071032002,26.0
360290071032003,26.0
360290071032004,26.0
360290071032005,15.0
360290071032006,15.0
360290071032007,15.0
360290071032008,26.0
360290071032009,26.0
360290071041000,26.0
360290071041001,26.0
360290071041002,26.0
360290071041003,26.0
360290071041004,26.0
360290071041005,26.0
360290071042000,26.0
360290071042001,26.0
360290071042002,26.0
360290071042003,26.0
360290071042004,26.0
360290071042005,42.0
360290071042006,26.0
360290071042007,26.0
360290071043000,26.0
360290071043001,26.0
360290071043002,42.0
360290071043003,42.0
360290071044000,26.0
360290071044001,42.0
360290071044002,42.0
360290072021000,15.0
360290072021001,15.0
360290072021002,42.0
360290072021003,15.0
360290072021004,15.0
360290072021005,15.0
360290072021006,15.0
360290072021010,42.0
360290072021011,42.0
360290072021012,15.0
360290072021013,42.0
360290072021014,42.0
360290072021015,42.0
360290072021017,15.0
360290072021018,42.0
360290072021019,42.0
360290072021020,42.0
360290072021021,15.0
360290072021022,42.0
360290163001000,42.0
360290163001001,42.0
360290163001002,42.0
360290163001003,42.0
360290163001004,42.0
360290163001005,42.0
360290163001006,42.0
360290163001007,42.0
360290163001008,42.0
360290163001009,42.0
360290163001010,42.0
360290163001011,42.0
360290163001012,42.0
360290163001013,42.0
360290163001014,42.0
360290163001015,42.0
360290163001016,42.0
360290163001017,42.0
360290163001018,42.0
360290163001019,42.0
360290163001020,42.0
360290163001021,42.0
360290163001022,42.0
360290163001023,42.0
360290163002000,42.0
360290163002001,42.0
360290163002002,42.0
360290163002003,42.0
360290163002004,42.0
360290163002005,42.0
360290163002006,42.0
360290163002007,42.0
360290163002008,42.0
360290163002009,42.0
360290163002010,42.0
360290163002011,42.0
360290163002012,42.0
360290163002013,42.0
360290163002014,42.0
360290163003000,42.0
360290163003001,42.0
360290163003002,42.0
360290163003003,42.0
360290163003004,42.0
360290163003005,42.0
360290163003006,42.0
360290163003007,42.0
360290163003008,42.0
360290163003009,42.0
360290163003010,42.0
360290163003011,42.0
360290163003012,42.0
360290163003013,42.0
360290163003014,42.0
360290163003015,42.0
360290163003016,42.0
360290163003017,42.0
360290163003018,42.0
360290163003019,42.0
360290163003020,42.0
360290163003021,42.0
360290163003022,42.0
360290163003023,42.0
360290163003024,42.0
360290163003025,42.0
360290163003026,42.0
360290163003027,42.0
360290163003028,42.0
360290163003029,42.0
360290163003030,42.0
360290163003031,42.0
360290163003032,42.0
360290163003033,42.0
360290163003034,42.0
360290163003035,42.0
360290163003036,41.0
360290164001000,42.0
360290164001001,42.0
360290164001002,42.0
360290164001003,42.0
360290164001004,42.0
360290164001005,42.0
360290164001006,42.0
360290164001007,42.0
360290164001008,42.0
360290164001009,42.0
360290164001010,42.0
360290164001011,42.0
360290164001012,42.0
360290164001013,42.0
360290164001014,42.0
360290164001015,42.0
360290164001016,42.0
360290164001017,42.0
360290164001018,42.0
360290164001019,42.0
360290164001020,42.0
360290164002000,42.0
360290164002001,42.0
360290164002002,42.0
360290164002003,42.0
360290164002004,42.0
360290164002005,42.0
360290164002006,42.0
360290164002007,42.0
360290164002008,42.0
360290164002009,42.0
360290164002010,42.0
360290164002011,42.0
360290164002012,42.0
360290164002013,42.0
360290164002014,42.0
360290164002015,42.0
360290164002016,42.0
360290164002017,42.0
360290164002018,42.0
360290164002019,42.0
360290164002020,42.0
360290164002021,42.0
360290164002022,42.0
360290164002023,42.0
360290164002024,42.0
360290164002025,42.0
360290164002026,42.0
360290164002027,42.0
360290164002028,42.0
360290164002029,42.0
360290164002030,42.0
360290164002031,42.0
360290164002032,42.0
360290164002033,42.0
360290164002034,42.0
360290164002035,42.0
360290164002036,42.0
360290164002037,42.0
360290164002038,42.0
360290164003000,42.0
360290164003001,42.0
360290164003002,42.0
360290164003003,26.0
360290164003004,42.0
360290164003005,42.0
360290164003006,42.0
360290164003007,42.0
360290164003008,26.0
360290164003009,26.0
360290164003010,26.0
360290164003011,42.0
360290164003012,26.0
360290164003013,26.0
360290164003014,26.0
360290164003015,26.0
360290164003016,26.0
360290164003017,42.0
360290164003018,42.0
360290164003019,42.0
360290164003020,42.0
360290164003021,42.0
360290164003022,42.0
360290164003023,42.0
360290164003024,42.0
360290164004000,42.0
360290164004001,42.0
360290164004002,42.0
360290164004003,42.0
360290164004004,42.0
360290164004005,42.0
360290164004006,42.0
360290164005000,42.0
360290164005001,42.0
360290164005002,42.0
360290164005003,42.0
360290164005004,42.0
360290164005005,42.0
360290164005006,42.0
360290164005007,42.0
360290164005008,42.0
360290164005009,42.0
360290164005010,42.0
360290164005011,42.0
360290164005012,42.0
360290164005013,42.0
360290165001000,26.0
360290165001001,26.0
360290165001002,26.0
360290165001003,26.0
360290165001004,26.0
360290165001005,26.0
360290165001006,26.0
360290165001007,26.0
360290165001008,26.0
360290165001009,26.0
360290165001010,26.0
360290165001011,26.0
360290165001012,26.0
360290165001013,26.0
360290165001014,26.0
360290165001015,26.0
360290165001016,26.0
360290165001017,26.0
360290165001018,26.0
360290165001019,26.0
360290165001020,26.0
360290165001021,26.0
360290165001022,26.0
360290165001023,26.0
360290165001024,26.0
360290165001025,26.0
360290165001026,26.0
360290165001027,26.0
360290165001028,26.0
360290165001029,26.0
360290165001030,26.0
360290165001031,26.0
360290165001032,26.0
360290165001033,26.0
360290165001034,26.0
360290165001035,26.0
360290165001036,26.0
360290165001037,26.0
360290165001038,26.0
360290165001039,26.0
360290165001040,26.0
360290165001041,26.0
360290165001042,26.0
360290165001043,26.0
360290165001044,26.0
360290165001045,26.0
360290165001046,26.0
360290165001047,26.0
360290165001048,26.0
360290165001049,26.0
360290165001050,26.0
360290165001051,26.0
360290165001052,26.0
360290165001053,26.0
360290165001054,26.0
360290165001055,42.0
360290165001056,26.0
360290165001057,42.0
360290165001058,26.0
360290165001059,26.0
360290165001060,26.0
360290165001061,26.0
360290165001062,26.0
360290165001063,26.0
360290165001064,26.0
360290165001065,26.0
360290165001066,26.0
360290165001067,26.0
360290165001068,26.0
360290165001069,26.0
360290165001070,26.0
360290165001071,26.0
360290165001072,26.0
360290165001073,26.0
360290165001074,26.0
360290165001075,26.0
360290165001076,26.0
360290165001077,42.0
360290165001078,42.0
360290165001079,26.0
360290165001080,26.0
360290165001081,42.0
360290165001082,42.0
360290165001083,42.0
360290165001084,42.0
360290165001085,42.0
360290165001086,42.0
360290165001087,42.0
360290165001088,42.0
360290165001089,42.0
360290165001090,42.0
360290165001091,42.0
360290165001092,42.0
360290165001093,42.0
360290165001094,42.0
360290165001095,42.0
360290165001096,42.0
360290165001097,42.0
360290165001098,42.0
360290165001099,42.0
360290165001100,42.0
360290165001101,42.0
360290165001102,26.0
360290165001103,26.0
360290165001104,26.0
360290165001105,26.0
360290165001106,42.0
360290165001107,26.0
360290165001108,42.0
360290165002000,26.0
360290165002001,26.0
360290165002002,26.0
360290165002003,26.0
360290165002004,26.0
360290165002005,26.0
360290165002006,26.0
360290165002007,26.0
360290165002008,26.0
360290165002009,26.0
360290165002010,26.0
360290165002011,26.0
360290165002012,26.0
360290165002013,26.0
360290165002014,26.0
360290165002015,26.0
360290165002016,26.0
360290165002017,26.0
360290165002018,26.0
360290165002019,26.0
360290165002020,26.0
360290165002021,26.0
360290165002022,26.0
360290165002023,26.0
360290165002024,26.0
360290165002025,26.0
360290165002026,26.0
360290166001000,42.0
360290166001001,42.0
360290166001002,42.0
360290166001003,42.0
360290166001004,42.0
360290166001005,42.0
360290166001006,42.0
360290166002000,26.0
360290166002001,26.0
360290166002002,26.0
360290166002003,42.0
360290166002004,42.0
360290166002005,42.0
360290166003000,26.0
360290166003001,26.0
360290166003002,26.0
360290166003003,42.0
360290166003004,26.0
360290166003005,42.0
360290166004000,42.0
360290166004001,26.0
360290166004002,26.0
360290166004003,26.0
360290166004004,26.0
360290166004005,26.0
360290166004006,26.0
360290166004007,26.0
360290166004008,26.0
360290166004009,26.0
360290166004010,26.0
360290166004011,26.0
360290166004012,26.0
360290166004013,26.0
360290166004014,26.0
360290166004015,26.0
360290166004016,26.0
360290167001000,42.0
360290167001001,42.0
360290167001002,42.0
360290167001003,42.0
360290167001004,42.0
360290167001005,42.0
360290167001006,42.0
360290167001007,42.0
360290167001008,42.0
360290167001009,42.0
360290167002000,42.0
360290167002001,42.0
360290167002002,42.0
360290167002003,42.0
360290167002004,42.0
360290167002005,42.0
360290167003000,42.0
360290167003001,42.0
360290167003002,42.0
360290167003003,42.0
360290167003004,42.0
360290167003005,42.0
360290167003006,42.0
360290167003007,42.0
360290167003008,42.0
360290167003009,42.0
360290167003010,42.0
360290167003011,42.0
360290167003012,42.0
360290167003013,42.0
360290167003014,42.0
360290167003015,42.0
360290167003016,42.0
360290167003017,42.0
360290167003018,42.0
360290167003019,42.0
360290167003020,42.0
360290167003021,42.0
360290167003022,42.0
360290168011000,26.0
360290168011001,26.0
360290168011002,26.0
360290168011003,26.0
360290168011004,26.0
360290168011005,26.0
360290168011006,26.0
360290168011007,26.0
360290168011008,26.0
360290168011009,26.0
360290168011010,26.0
360290168011011,26.0
360290168012000,27.0
360290168012001,27.0
360290168012002,27.0
360290168012003,27.0
360290168012004,26.0
360290168012005,26.0
360290168012006,26.0
360290168012007,26.0
360290168012008,26.0
360290168012009,26.0
360290168012010,26.0
360290168012011,26.0
360290168012012,26.0
360290168012013,26.0
360290168012014,26.0
360290168012015,26.0
360290168012016,26.0
360290168012017,26.0
360290168021000,27.0
360290168021001,27.0
360290168021002,27.0
360290168021003,27.0
360290168021004,27.0
360290168021005,27.0
360290168021006,27.0
360290168021007,27.0
360290168021008,27.0
360290168021009,27.0
360290168021010,27.0
360290168021011,27.0
360290168021012,27.0
360290168021013,27.0
360290168021014,27.0
360290168021015,27.0
360290168021016,27.0
360290168021017,27.0
360290168022000,27.0
360290168022001,27.0
360290168022002,27.0
360290168022003,27.0
360290168022004,27.0
360290168022005,27.0
360290168022006,27.0
360290168022007,27.0
360290168022008,27.0
360290168022009,27.0
360290168022010,27.0
360290168022011,27.0
360290168022012,27.0
360290168022013,27.0
360290168022014,27.0
360290168022015,27.0
360290168022016,27.0
360290168022017,27.0
360290168022018,27.0
360290168022019,27.0
360290168022020,27.0
360290168022021,27.0
360290168022022,27.0
360290168022023,27.0
360290168022024,27.0
360290168022025,26.0
360290169001000,27.0
360290169001001,27.0
360290169001002,27.0
360290169001003,27.0
360290169001004,27.0
360290169002000,27.0
360290169002001,27.0
360290169002002,27.0
360290169002003,27.0
360290169002004,27.0
360290169003000,27.0
360290169003001,27.0
360290169003002,27.0
360290169003003,27.0
360290169003004,27.0
360290169003005,27.0
360290169004000,27.0
360290169004001,27.0
360290169004002,27.0
360290169004003,27.0
360290169004004,27.0
360290169004005,27.0
360290169004006,27.0
360290169004007,27.0
360290169004008,27.0
360290169004009,27.0
360290170001000,27.0
360290170001001,27.0
360290170001002,27.0
360290170001003,27.0
360290170001004,27.0
360290170001005,27.0
360290170001006,27.0
360290170001007,27.0
360290170001008,46.0
360290170001009,27.0
360290170001010,27.0
360290170002000,27.0
360290170002001,27.0
360290170002002,27.0
360290170002003,27.0
360290170002004,27.0
360290170002005,27.0
360290170002006,27.0
360290170002007,27.0
360290170002008,27.0
360290170002009,27.0
360290170002010,27.0
360290170002011,27.0
360290170002012,27.0
360290170002013,27.0
360290170002014,27.0
360290170002015,27.0
360290170002016,27.0
360290170002017,27.0
360290170003000,27.0
360290170003001,27.0
360290170003002,27.0
360290170003003,27.0
360290170003004,27.0
360290170003005,27.0
360290170003006,27.0
360290170003007,27.0
360290170003008,27.0
360290170003009,27.0
360290170003010,27.0
360290170003011,27.0
360290171001002,15.0
360290171001003,17.0
360290171001006,15.0
360290171001007,15.0
360290171001008,15.0
360290171001009,17.0
360290171001010,17.0
360290171001011,15.0
360290171001012,15.0
360290171001013,15.0
360290171001014,15.0
360290171001015,15.0
360290171001016,15.0
360290171001017,15.0
360290171001018,15.0
360290171002000,15.0
360290171002001,15.0
360290171002002,15.0
360290171002003,15.0
360290171002004,15.0
360290171002005,15.0
360290171003000,15.0
360290171003001,15.0
360290171003002,15.0
360290171003003,15.0
360290171003004,15.0
360290171003005,15.0
360290171004000,15.0
360290171004001,15.0
360290171004002,15.0
360290171004003,15.0
360290171004004,15.0
360290171004005,15.0
360290171005000,15.0
360290171005001,17.0
360290171005002,17.0
360290171005003,17.0
360290171005004,17.0
360290171005005,17.0
360290171005006,17.0
360290171005007,17.0
360290171005008,15.0
360299800001000,17.0
360299800001001,17.0
360299805001000,16.0
360299805001001,16.0
360299805001002,16.0
360299805001003,16.0
360299805001004,16.0
360299805001005,16.0
360299805001006,16.0
360299805001007,16.0
