GEOID,District0,District1,District2,District3,District4
01001020100,895.0,1469.0,1630.0,2519.0,3534.0
01001020200,895.0,1469.0,1630.0,2519.0,3534.0
01001020300,895.0,1469.0,1630.0,2519.0,3534.0
01001020400,895.0,1469.0,1630.0,2519.0,3534.0
01001020501,895.0,1469.0,1630.0,2519.0,3534.0
01001020502,895.0,1469.0,1630.0,2318.0,3534.0
01001020503,895.0,1469.0,1630.0,2318.0,3534.0
01001020600,895.0,1469.0,1630.0,2519.0,3534.0
01001020700,895.0,1469.0,1630.0,2519.0,3534.0
01001020801,895.0,1469.0,1630.0,2519.0,3534.0
01001020803,895.0,1469.0,1630.0,2519.0,3534.0
01001020804,895.0,1469.0,1630.0,2519.0,3534.0
01001020805,895.0,1469.0,1630.0,2519.0,3534.0
01001020901,895.0,1469.0,1630.0,2519.0,3534.0
01001020902,895.0,1469.0,1630.0,2519.0,3534.0
01001021000,895.0,1469.0,1630.0,2519.0,3534.0
01001021100,895.0,1469.0,1630.0,2519.0,3534.0
01003010100,1042.0,1284.0,1630.0,2519.0,3455.0
01003010200,1042.0,1284.0,1631.0,2519.0,3454.0
01003010300,1042.0,1284.0,1630.0,2519.0,3455.0
01003010400,1042.0,1284.0,1631.0,2519.0,3454.0
01003010500,1042.0,1284.0,1630.0,2519.0,3455.0
01003010600,1042.0,1284.0,1630.0,2519.0,3455.0
01003010704,1042.0,1284.0,1630.0,2519.0,3455.0
01003010706,1042.0,1284.0,1630.0,2519.0,3455.0
01003010707,1042.0,1284.0,1630.0,2518.0,3455.0
01003010708,1042.0,1284.0,1630.0,2519.0,3455.0
01003010709,1042.0,1284.0,1630.0,2519.0,3454.0
01003010710,1042.0,1284.0,1630.0,2518.0,3454.0
01003010711,1042.0,1284.0,1630.0,2519.0,3455.0
01003010800,1042.0,1284.0,1630.0,2519.0,3454.0
01003010903,1042.0,1284.0,1631.0,2519.0,3455.0
01003010904,1042.0,1284.0,1631.0,2519.0,3454.0
01003010906,1042.0,1284.0,1631.0,2519.0,3454.0
01003010907,1042.0,1284.0,1631.0,2519.0,3454.0
01003010908,1042.0,1284.0,1631.0,2519.0,3455.0
01003011000,1042.0,1284.0,1631.0,2519.0,3454.0
01003011102,1042.0,1284.0,1631.0,2519.0,3454.0
01003011103,1042.0,1284.0,1630.0,2519.0,3454.0
01003011104,1042.0,1284.0,1631.0,2519.0,3454.0
01003011201,1042.0,1284.0,1630.0,2519.0,3454.0
01003011202,1042.0,1284.0,1630.0,2519.0,3454.0
01003011300,1042.0,1284.0,1631.0,2519.0,3454.0
01003011409,1042.0,1284.0,1631.0,2519.0,3454.0
01003011410,1042.0,1284.0,1631.0,2519.0,3454.0
01003011411,1042.0,1284.0,1631.0,2519.0,3454.0
01003011412,1042.0,1284.0,1631.0,2519.0,3454.0
01003011413,1042.0,1284.0,1631.0,2519.0,3454.0
01003011414,1042.0,1284.0,1631.0,2519.0,3454.0
01003011415,1042.0,1284.0,1631.0,2519.0,3454.0
01003011416,1042.0,1284.0,1631.0,2519.0,3454.0
01003011417,1042.0,1284.0,1631.0,2519.0,3454.0
01003011418,1042.0,1284.0,1631.0,2519.0,3454.0
01003011419,1042.0,1284.0,1631.0,2519.0,3454.0
01003011501,1042.0,1284.0,1631.0,2519.0,3454.0
01003011503,1042.0,1284.0,1631.0,2519.0,3454.0
01003011504,1042.0,1284.0,1631.0,2519.0,3454.0
01003011601,1042.0,1284.0,1631.0,2519.0,3454.0
01003011603,1042.0,1284.0,1631.0,2519.0,3454.0
01003011604,1042.0,1284.0,1631.0,2519.0,3454.0
01005950100,894.0,1292.0,1631.0,2318.0,3534.0
01005950200,894.0,1292.0,1631.0,2318.0,3534.0
01005950300,894.0,1292.0,1631.0,2318.0,3534.0
01005950400,894.0,1292.0,1631.0,2318.0,3534.0
01005950500,894.0,1292.0,1631.0,2318.0,3534.0
01005950600,894.0,1292.0,1631.0,2318.0,3534.0
01005950700,894.0,1292.0,1631.0,2318.0,3534.0
01005950800,894.0,1292.0,1631.0,2318.0,3534.0
01005950900,894.0,1292.0,1631.0,2318.0,3534.0
01007010001,895.0,1469.0,1647.0,2519.0,3534.0
01007010005,895.0,1469.0,1647.0,2519.0,3534.0
01007010006,895.0,1469.0,1647.0,2317.0,3534.0
01007010007,1041.0,1469.0,1647.0,2519.0,3534.0
01007010008,895.0,1469.0,1647.0,2317.0,3534.0
01007010009,1041.0,1469.0,1647.0,2519.0,3534.0
01007010010,1041.0,1469.0,1647.0,2519.0,3534.0
01007010011,1041.0,1469.0,1647.0,2519.0,3534.0
01009050103,1273.0,1283.0,2043.0,2319.0,3806.0
01009050104,1273.0,1283.0,2043.0,3415.0,3806.0
01009050105,1273.0,1510.0,2043.0,3415.0,3806.0
01009050106,1273.0,1283.0,2043.0,3415.0,3806.0
01009050107,1273.0,1283.0,2043.0,3415.0,3806.0
01009050200,1273.0,1283.0,2043.0,3415.0,3805.0
01009050301,1273.0,1510.0,2043.0,3415.0,3805.0
01009050302,1273.0,1510.0,2043.0,3415.0,3805.0
01009050400,1273.0,1510.0,2043.0,3415.0,3805.0
01009050501,1273.0,1283.0,2043.0,3415.0,3805.0
01009050502,1273.0,1283.0,2043.0,3415.0,3805.0
01009050601,894.0,1283.0,2043.0,3415.0,3806.0
01009050603,894.0,1283.0,2043.0,2317.0,3806.0
01009050604,894.0,1283.0,2043.0,3415.0,3806.0
01009050701,894.0,1283.0,2043.0,2317.0,3806.0
01009050702,894.0,1283.0,2043.0,2317.0,3806.0
01011952100,895.0,1292.0,1631.0,2318.0,3534.0
01011952201,895.0,1292.0,1631.0,2318.0,3534.0
01011952202,895.0,1292.0,1631.0,2318.0,3534.0
01011952500,895.0,1292.0,1631.0,2318.0,3534.0
01013952700,1041.0,1292.0,1630.0,2519.0,3455.0
01013952800,1041.0,1292.0,1630.0,2519.0,3455.0
01013952900,1041.0,1292.0,1630.0,2519.0,3455.0
01013953000,1041.0,1292.0,1630.0,2519.0,3455.0
01013953100,1041.0,1292.0,1630.0,2519.0,3455.0
01013953200,1041.0,1292.0,1630.0,2519.0,3455.0
01013953300,1041.0,1292.0,1630.0,2519.0,3455.0
01013953400,1041.0,1292.0,1630.0,2519.0,3455.0
01013953500,1041.0,1292.0,1630.0,2519.0,3455.0
01015000200,1273.0,1510.0,2043.0,2319.0,3806.0
01015000300,1273.0,1510.0,2043.0,2319.0,3806.0
01015000400,1273.0,1510.0,2043.0,2319.0,3806.0
01015000500,1273.0,1510.0,2043.0,2319.0,3806.0
01015000600,1273.0,1510.0,2043.0,2319.0,3806.0
01015000700,1273.0,1510.0,2043.0,2319.0,3806.0
01015000800,1273.0,1510.0,2043.0,2319.0,3806.0
01015000900,1273.0,1510.0,2043.0,2319.0,3806.0
01015001000,1273.0,1509.0,2043.0,2319.0,3806.0
01015001101,1273.0,1509.0,2043.0,2319.0,3806.0
01015001102,1273.0,1510.0,2043.0,2319.0,3806.0
01015001103,1273.0,1509.0,2043.0,2319.0,3806.0
01015001201,1273.0,1510.0,2043.0,2319.0,3806.0
01015001202,1273.0,1510.0,2043.0,2319.0,3806.0
01015001300,1273.0,1510.0,2043.0,2319.0,3806.0
01015001400,1273.0,1510.0,2043.0,2319.0,3806.0
01015001501,1273.0,1510.0,2043.0,2319.0,3806.0
01015001502,1273.0,1510.0,2043.0,2319.0,3806.0
01015001600,1273.0,1510.0,2043.0,2319.0,3806.0
01015001700,1273.0,1510.0,2043.0,2319.0,3806.0
01015001801,1273.0,1510.0,2043.0,2319.0,3806.0
01015001802,1273.0,1510.0,2043.0,2319.0,3806.0
01015002001,1274.0,1510.0,2043.0,2319.0,3806.0
01015002002,1274.0,1510.0,2043.0,2319.0,3806.0
01015002101,1274.0,1510.0,2043.0,2319.0,3806.0
01015002102,1274.0,1510.0,2043.0,2319.0,3806.0
01015002104,1274.0,1510.0,2043.0,2319.0,3806.0
01015002105,1274.0,1510.0,2043.0,2319.0,3806.0
01015002200,1274.0,1510.0,2043.0,2319.0,3806.0
01015002300,1274.0,1510.0,2043.0,2319.0,3806.0
01015002400,1274.0,1510.0,2043.0,2319.0,3806.0
01015002502,1273.0,1510.0,2043.0,2319.0,3806.0
01015002503,1273.0,1510.0,2043.0,2319.0,3806.0
01015002504,1273.0,1510.0,2043.0,2319.0,3806.0
01015002600,1273.0,1510.0,2043.0,2319.0,3806.0
01015981901,1273.0,1510.0,2043.0,2319.0,3806.0
01015981902,1273.0,1510.0,2043.0,2319.0,3806.0
01015981903,1274.0,1510.0,2043.0,2319.0,3806.0
01017953800,894.0,1509.0,1630.0,2319.0,3535.0
01017953900,894.0,1509.0,1630.0,2319.0,3535.0
01017954001,894.0,1509.0,1630.0,2319.0,3535.0
01017954002,894.0,1509.0,1630.0,2319.0,3535.0
01017954200,894.0,1509.0,1630.0,2319.0,3535.0
01017954300,894.0,1509.0,1630.0,2319.0,3535.0
01017954600,894.0,1509.0,1630.0,2319.0,3535.0
01017954700,894.0,1509.0,1630.0,2319.0,3535.0
01017954800,894.0,1509.0,1630.0,2319.0,3535.0
01019955701,1274.0,1509.0,2042.0,3414.0,3805.0
01019955702,1274.0,1509.0,2042.0,3414.0,3805.0
01019955801,1274.0,1509.0,2042.0,3414.0,3805.0
01019955802,1274.0,1509.0,2042.0,3414.0,3805.0
01019955900,1274.0,1509.0,2042.0,2319.0,3805.0
01019956000,1274.0,1509.0,2042.0,3414.0,3805.0
01019956101,1274.0,1509.0,2042.0,2319.0,3805.0
01019956102,1274.0,1509.0,2042.0,2319.0,3805.0
01021060101,895.0,1469.0,1630.0,2318.0,3535.0
01021060103,895.0,1469.0,1646.0,2318.0,3535.0
01021060104,895.0,1469.0,1646.0,2318.0,3535.0
01021060200,895.0,1469.0,1630.0,2318.0,3535.0
01021060300,895.0,1469.0,1646.0,2318.0,3535.0
01021060401,895.0,1469.0,1646.0,2318.0,3535.0
01021060403,895.0,1469.0,1646.0,2318.0,3535.0
01021060404,895.0,1469.0,1646.0,2318.0,3535.0
01021060500,895.0,1469.0,1646.0,2318.0,3534.0
01021060600,895.0,1469.0,1646.0,2318.0,3535.0
01021060701,895.0,1469.0,1630.0,2318.0,3535.0
01021060702,895.0,1469.0,1630.0,2318.0,3535.0
01023956700,1041.0,1469.0,1646.0,2518.0,3455.0
01023956800,1041.0,1469.0,1646.0,2518.0,3455.0
01023956900,1041.0,1292.0,1646.0,2518.0,3455.0
01023957000,1041.0,1292.0,1646.0,2518.0,3455.0
01025957500,1041.0,1292.0,1646.0,2518.0,3455.0
01025957601,1041.0,1292.0,1646.0,2518.0,3455.0
01025957603,1041.0,1292.0,1646.0,2518.0,3455.0
01025957604,1041.0,1292.0,1646.0,2518.0,3455.0
01025957700,1041.0,1292.0,1646.0,2518.0,3455.0
01025957800,1041.0,1292.0,1646.0,2518.0,3455.0
01025957901,1041.0,1292.0,1646.0,2518.0,3455.0
01025957902,1041.0,1292.0,1646.0,2518.0,3455.0
01025958003,1042.0,1292.0,1646.0,2518.0,3455.0
01027958900,894.0,1509.0,1646.0,2319.0,3535.0
01027959000,894.0,1509.0,1646.0,2319.0,3535.0
01027959100,894.0,1509.0,1646.0,2319.0,3535.0
01027959200,894.0,1509.0,1646.0,2319.0,3535.0
01029959500,1274.0,1509.0,2043.0,2319.0,3806.0
01029959600,1274.0,1509.0,2043.0,2319.0,3535.0
01029959700,1274.0,1509.0,2043.0,2319.0,3535.0
01029959800,1274.0,1509.0,2043.0,2319.0,3806.0
01031010100,1041.0,1292.0,1631.0,2519.0,3454.0
01031010200,1041.0,1292.0,1631.0,2519.0,3454.0
01031010300,1041.0,1292.0,1631.0,2519.0,3454.0
01031010400,1041.0,1292.0,1631.0,2519.0,3454.0
01031010500,1041.0,1292.0,1631.0,2519.0,3454.0
01031010600,1041.0,1292.0,1631.0,2519.0,3454.0
01031010700,1041.0,1292.0,1631.0,2519.0,3454.0
01031010800,1041.0,1292.0,1631.0,2519.0,3454.0
01031010900,1041.0,1292.0,1631.0,2519.0,3454.0
01031011000,1041.0,1292.0,1631.0,2519.0,3454.0
01031011100,1041.0,1292.0,1631.0,2519.0,3454.0
01031011203,1041.0,1292.0,1631.0,2519.0,3454.0
01031011204,1041.0,1292.0,1631.0,2519.0,3454.0
01031011205,1041.0,1292.0,1631.0,2519.0,3454.0
01031011206,1041.0,1292.0,1631.0,2519.0,3454.0
01031011300,1041.0,1292.0,1631.0,2519.0,3454.0
01033020100,1273.0,1470.0,2041.0,3415.0,3804.0
01033020200,1273.0,1470.0,2041.0,3415.0,3804.0
01033020300,1273.0,1470.0,2041.0,3415.0,3804.0
01033020400,1273.0,1470.0,2041.0,3415.0,3804.0
01033020500,1273.0,1470.0,2041.0,3415.0,3804.0
01033020600,1273.0,1470.0,2041.0,3415.0,3804.0
01033020703,1273.0,1470.0,2041.0,3415.0,3804.0
01033020704,1273.0,1470.0,2041.0,3415.0,3804.0
01033020705,1273.0,1470.0,2041.0,3415.0,3804.0
01033020706,1273.0,1470.0,2041.0,3415.0,3804.0
01033020801,1273.0,1470.0,2041.0,3415.0,3804.0
01033020802,1273.0,1470.0,2041.0,3415.0,3804.0
01033020901,1273.0,1470.0,2041.0,3415.0,3804.0
01033020902,1273.0,1470.0,2041.0,3415.0,3804.0
01033021000,1273.0,1470.0,2041.0,3415.0,3804.0
01035960200,1041.0,1284.0,1630.0,2519.0,3455.0
01035960300,1041.0,1284.0,1630.0,2519.0,3455.0
01035960400,1041.0,1284.0,1631.0,2519.0,3455.0
01035960500,1041.0,1284.0,1630.0,2519.0,3455.0
01035960600,1041.0,1284.0,1631.0,2519.0,3455.0
01037961000,895.0,1469.0,1630.0,2318.0,3535.0
01037961100,895.0,1469.0,1646.0,2318.0,3535.0
01037961200,895.0,1469.0,1630.0,2318.0,3535.0
01039961600,1041.0,1292.0,1631.0,2519.0,3454.0
01039961700,1041.0,1292.0,1631.0,2519.0,3454.0
01039961800,1041.0,1292.0,1631.0,2519.0,3454.0
01039961900,1041.0,1292.0,1631.0,2519.0,3454.0
01039962000,1041.0,1292.0,1631.0,2519.0,3454.0
01039962100,1041.0,1292.0,1631.0,2519.0,3454.0
01039962300,1041.0,1292.0,1631.0,2519.0,3454.0
01039962400,1041.0,1292.0,1631.0,2519.0,3454.0
01039962500,1041.0,1292.0,1631.0,2519.0,3454.0
01039962600,1041.0,1292.0,1631.0,2519.0,3454.0
01039962700,1041.0,1292.0,1631.0,2519.0,3454.0
01039962800,1041.0,1292.0,1631.0,2519.0,3454.0
01039962900,1042.0,1292.0,1631.0,2519.0,3454.0
01039963000,1042.0,1292.0,1631.0,2519.0,3454.0
01041963400,1041.0,1292.0,1631.0,2519.0,3455.0
01041963500,1041.0,1292.0,1631.0,2519.0,3455.0
01041963600,1041.0,1292.0,1631.0,2519.0,3455.0
01041963700,1041.0,1292.0,1631.0,2519.0,3455.0
01041963800,1041.0,1292.0,1631.0,2519.0,3455.0
01041963900,1041.0,1292.0,1631.0,2519.0,3455.0
01043964100,1273.0,1510.0,2042.0,3415.0,3804.0
01043964201,1273.0,1510.0,2043.0,3415.0,3804.0
01043964202,1273.0,1510.0,2043.0,3415.0,3804.0
01043964300,1273.0,1510.0,2043.0,3415.0,3804.0
01043964400,1273.0,1469.0,2043.0,3415.0,3804.0
01043964500,1273.0,1469.0,2043.0,3415.0,3804.0
01043964600,1041.0,1469.0,2043.0,3415.0,3804.0
01043964700,1273.0,1469.0,2043.0,3415.0,3804.0
01043964800,1273.0,1469.0,2043.0,3415.0,3804.0
01043964901,1273.0,1469.0,2043.0,3415.0,3804.0
01043964902,1273.0,1469.0,2043.0,3415.0,3804.0
01043965001,1273.0,1469.0,2043.0,3415.0,3804.0
01043965002,1273.0,1469.0,2043.0,3415.0,3804.0
01043965100,1273.0,1469.0,2043.0,3415.0,3804.0
01043965200,1273.0,1510.0,2043.0,3415.0,3804.0
01043965300,1273.0,1510.0,2043.0,3415.0,3804.0
01043965401,1273.0,1469.0,2043.0,3415.0,3804.0
01043965402,1273.0,1469.0,2043.0,3415.0,3804.0
01043965501,1041.0,1469.0,2043.0,3415.0,3804.0
01043965502,1273.0,1469.0,2043.0,3415.0,3804.0
01043965600,1041.0,1469.0,2043.0,3415.0,3804.0
01043965700,1041.0,1469.0,2043.0,3415.0,3804.0
01045020000,895.0,1292.0,1631.0,2318.0,3454.0
01045020100,895.0,1292.0,1631.0,2318.0,3454.0
01045020200,894.0,1292.0,1631.0,2318.0,3454.0
01045020300,894.0,1292.0,1631.0,2318.0,3454.0
01045020400,895.0,1292.0,1631.0,2318.0,3454.0
01045020500,895.0,1292.0,1631.0,2318.0,3454.0
01045020700,895.0,1292.0,1631.0,2318.0,3454.0
01045020801,895.0,1292.0,1631.0,2318.0,3454.0
01045020802,895.0,1292.0,1631.0,2318.0,3454.0
01045021101,895.0,1292.0,1631.0,2318.0,3454.0
01045021102,895.0,1292.0,1631.0,2318.0,3454.0
01045021200,895.0,1292.0,1631.0,2318.0,3454.0
01045021300,895.0,1292.0,1631.0,2318.0,3454.0
01045021400,894.0,1292.0,1631.0,2318.0,3454.0
01047956101,1041.0,1469.0,1646.0,2519.0,3455.0
01047956102,1041.0,1469.0,1646.0,2519.0,3455.0
01047956201,1041.0,1469.0,1646.0,2519.0,3455.0
01047956202,1041.0,1469.0,1646.0,2519.0,3455.0
01047956300,1041.0,1469.0,1646.0,2519.0,3455.0
01047956400,1041.0,1469.0,1646.0,2519.0,3455.0
01047956500,1041.0,1469.0,1646.0,2519.0,3455.0
01047956600,1041.0,1469.0,1646.0,2519.0,3455.0
01047956701,1041.0,1469.0,1646.0,2519.0,3455.0
01047956702,1041.0,1469.0,1646.0,2519.0,3455.0
01047956800,1041.0,1469.0,1646.0,2519.0,3455.0
01047956900,1041.0,1469.0,1646.0,2519.0,3455.0
01047957000,1041.0,1469.0,1646.0,2519.0,3455.0
01047957100,1041.0,1469.0,1646.0,2519.0,3455.0
01047957200,1041.0,1469.0,1646.0,2519.0,3455.0
01047957301,1041.0,1469.0,1646.0,2519.0,3455.0
01047957302,1041.0,1469.0,1646.0,2519.0,3455.0
01049960101,1274.0,1509.0,2042.0,3414.0,3805.0
01049960102,1274.0,1509.0,2042.0,3414.0,3805.0
01049960200,1274.0,1509.0,2042.0,3414.0,3805.0
01049960301,1274.0,1509.0,2042.0,3414.0,3805.0
01049960302,1274.0,1509.0,2042.0,3414.0,3805.0
01049960303,1274.0,1509.0,2042.0,3414.0,3805.0
01049960401,1274.0,1509.0,2042.0,3414.0,3805.0
01049960402,1274.0,1509.0,2042.0,3414.0,3805.0
01049960500,1274.0,1509.0,2042.0,3414.0,3805.0
01049960601,1274.0,1509.0,2042.0,3414.0,3805.0
01049960602,1274.0,1509.0,2042.0,3414.0,3805.0
01049960701,1274.0,1509.0,2042.0,3414.0,3805.0
01049960702,1274.0,1509.0,2042.0,3414.0,3805.0
01049960703,1274.0,1509.0,2042.0,3414.0,3805.0
01049960800,1274.0,1509.0,2042.0,3414.0,3805.0
01049960900,1274.0,1509.0,2042.0,3414.0,3805.0
01049961000,1274.0,1509.0,2042.0,3414.0,3805.0
01049961100,1274.0,1509.0,2042.0,3414.0,3805.0
01049961200,1274.0,1509.0,2042.0,3414.0,3805.0
01049961300,1274.0,1509.0,2042.0,3414.0,3805.0
01049961400,1274.0,1509.0,2042.0,3414.0,3805.0
01051030101,895.0,1469.0,1630.0,2318.0,3535.0
01051030102,895.0,1469.0,1630.0,2318.0,3535.0
01051030103,895.0,1469.0,1630.0,2318.0,3535.0
01051030200,895.0,1469.0,1630.0,2318.0,3535.0
01051030300,895.0,1469.0,1630.0,2318.0,3535.0
01051030401,895.0,1469.0,1630.0,2318.0,3534.0
01051030402,895.0,1469.0,1630.0,2318.0,3534.0
01051030500,895.0,1469.0,1630.0,2318.0,3535.0
01051030600,895.0,1469.0,1630.0,2318.0,3535.0
01051030701,895.0,1469.0,1630.0,2318.0,3534.0
01051030702,895.0,1469.0,1630.0,2318.0,3535.0
01051030801,895.0,1469.0,1630.0,2318.0,3535.0
01051030802,895.0,1469.0,1630.0,2318.0,3535.0
01051030901,895.0,1469.0,1630.0,2318.0,3535.0
01051030902,895.0,1469.0,1630.0,2318.0,3535.0
01051031001,895.0,1469.0,1630.0,2318.0,3534.0
01051031002,895.0,1469.0,1630.0,2318.0,3534.0
01051031100,895.0,1469.0,1630.0,2318.0,3535.0
01051031200,895.0,1469.0,1630.0,2318.0,3534.0
01051031300,895.0,1469.0,1630.0,2318.0,3534.0
01053969801,1042.0,1284.0,1631.0,2519.0,3454.0
01053969802,1042.0,1284.0,1631.0,2519.0,3454.0
01053969900,1042.0,1284.0,1631.0,2519.0,3454.0
01053970100,1042.0,1284.0,1631.0,2519.0,3454.0
01053970200,1042.0,1284.0,1631.0,2519.0,3454.0
01053970300,1042.0,1284.0,1631.0,2519.0,3454.0
01053970400,1042.0,1284.0,1630.0,2519.0,3455.0
01053970500,1042.0,1284.0,1631.0,2519.0,3454.0
01053970600,1042.0,1284.0,1631.0,2519.0,3454.0
01053970700,1042.0,1284.0,1631.0,2519.0,3454.0
01055000200,1274.0,1510.0,2043.0,3414.0,3805.0
01055000300,1274.0,1510.0,2043.0,2319.0,3805.0
01055000400,1274.0,1510.0,2043.0,3415.0,3805.0
01055000500,1274.0,1510.0,2043.0,3415.0,3805.0
01055000600,1274.0,1510.0,2043.0,2319.0,3805.0
01055000700,1274.0,1510.0,2043.0,2319.0,3805.0
01055000800,1274.0,1510.0,2043.0,3415.0,3805.0
01055000900,1274.0,1510.0,2043.0,2319.0,3805.0
01055001000,1274.0,1510.0,2043.0,2319.0,3805.0
01055001100,1273.0,1510.0,2043.0,2319.0,3805.0
01055001200,1274.0,1510.0,2043.0,2319.0,3805.0
01055001300,1274.0,1510.0,2043.0,2319.0,3805.0
01055001600,1274.0,1510.0,2043.0,2319.0,3805.0
01055001700,1274.0,1510.0,2043.0,2319.0,3805.0
01055010100,1274.0,1510.0,2043.0,3415.0,3805.0
01055010201,1273.0,1510.0,2043.0,2319.0,3805.0
01055010202,1273.0,1510.0,2043.0,3415.0,3805.0
01055010300,1273.0,1510.0,2043.0,3415.0,3805.0
01055010401,1273.0,1510.0,2043.0,2319.0,3805.0
01055010402,1273.0,1510.0,2043.0,2319.0,3805.0
01055010503,1273.0,1510.0,2043.0,2319.0,3805.0
01055010504,1273.0,1510.0,2043.0,2319.0,3805.0
01055010505,1274.0,1510.0,2043.0,2319.0,3805.0
01055010506,1274.0,1510.0,2043.0,2319.0,3805.0
01055010601,1274.0,1510.0,2043.0,2319.0,3805.0
01055010602,1274.0,1510.0,2043.0,2319.0,3805.0
01055010700,1274.0,1510.0,2043.0,3414.0,3805.0
01055010800,1274.0,1510.0,2043.0,3414.0,3805.0
01055010900,1274.0,1510.0,2043.0,3415.0,3805.0
01055011001,1274.0,1510.0,2043.0,3415.0,3805.0
01055011002,1274.0,1510.0,2043.0,3415.0,3805.0
01055011100,1273.0,1510.0,2043.0,3415.0,3805.0
01055011200,1274.0,1510.0,2043.0,2319.0,3805.0
01057020000,1041.0,1470.0,2042.0,3415.0,3804.0
01057020100,1041.0,1470.0,2042.0,3415.0,3804.0
01057020200,1041.0,1470.0,2042.0,3415.0,3804.0
01057020300,1041.0,1470.0,2042.0,3415.0,3804.0
01057020400,1041.0,1470.0,2042.0,3415.0,3806.0
01059972900,1273.0,1470.0,2041.0,3415.0,3804.0
01059973000,1273.0,1470.0,2041.0,3415.0,3804.0
01059973100,1273.0,1470.0,2041.0,3415.0,3804.0
01059973200,1273.0,1470.0,2041.0,3415.0,3804.0
01059973300,1273.0,1470.0,2041.0,3415.0,3804.0
01059973400,1273.0,1470.0,2041.0,3415.0,3804.0
01059973500,1273.0,1470.0,2041.0,3415.0,3804.0
01059973600,1273.0,1470.0,2041.0,3415.0,3804.0
01059973701,1273.0,1470.0,2041.0,3415.0,3804.0
01059973702,1273.0,1470.0,2041.0,3415.0,3804.0
01059973703,1273.0,1470.0,2041.0,3415.0,3804.0
01061050100,1042.0,1292.0,1631.0,2519.0,3454.0
01061050200,1041.0,1292.0,1631.0,2519.0,3454.0
01061050300,1042.0,1292.0,1631.0,2519.0,3454.0
01061050400,1041.0,1292.0,1631.0,2519.0,3454.0
01061050500,894.0,1292.0,1631.0,2519.0,3454.0
01061050600,894.0,1292.0,1631.0,2519.0,3454.0
01063060000,1041.0,1470.0,1647.0,2518.0,3806.0
01063060101,1041.0,1470.0,1647.0,2518.0,3806.0
01063060102,1041.0,1470.0,1647.0,2518.0,3806.0
01063060200,1041.0,1470.0,1647.0,2518.0,3806.0
01065040000,1041.0,1469.0,1647.0,2518.0,3455.0
01065040100,1041.0,1469.0,1647.0,2518.0,3455.0
01065040200,1041.0,1469.0,1647.0,2518.0,3455.0
01065040300,1041.0,1469.0,1647.0,2518.0,3455.0
01065040401,1041.0,1469.0,1647.0,2518.0,3455.0
01065040402,1041.0,1469.0,1647.0,2518.0,3455.0
01065040500,1041.0,1469.0,1646.0,2518.0,3455.0
01067030100,894.0,1292.0,1631.0,2318.0,3534.0
01067030200,894.0,1292.0,1631.0,2318.0,3534.0
01067030300,894.0,1292.0,1631.0,2318.0,3534.0
01067030400,894.0,1292.0,1631.0,2318.0,3534.0
01067030500,894.0,1292.0,1631.0,2318.0,3534.0
01067030600,894.0,1292.0,1631.0,2318.0,3534.0
01069040100,894.0,1292.0,1631.0,2318.0,3454.0
01069040203,894.0,1292.0,1631.0,2318.0,3454.0
01069040204,894.0,1292.0,1631.0,2318.0,3454.0
01069040205,894.0,1292.0,1631.0,2318.0,3454.0
01069040206,894.0,1292.0,1631.0,2318.0,3454.0
01069040301,894.0,1292.0,1631.0,2318.0,3454.0
01069040302,894.0,1292.0,1631.0,2318.0,3454.0
01069040400,894.0,1292.0,1631.0,2318.0,3454.0
01069040500,894.0,1292.0,1631.0,2318.0,3454.0
01069040600,894.0,1292.0,1631.0,2318.0,3454.0
01069040700,894.0,1292.0,1631.0,2318.0,3454.0
01069040801,894.0,1292.0,1631.0,2318.0,3454.0
01069040802,894.0,1292.0,1631.0,2318.0,3454.0
01069040900,894.0,1292.0,1631.0,2318.0,3454.0
01069041000,894.0,1292.0,1631.0,2318.0,3454.0
01069041100,894.0,1292.0,1631.0,2318.0,3454.0
01069041200,894.0,1292.0,1631.0,2318.0,3454.0
01069041400,894.0,1292.0,1631.0,2318.0,3454.0
01069041500,894.0,1292.0,1631.0,2318.0,3454.0
01069041600,894.0,1292.0,1631.0,2318.0,3454.0
01069041700,894.0,1292.0,1631.0,2318.0,3454.0
01069041800,894.0,1292.0,1631.0,2318.0,3454.0
01069041901,894.0,1292.0,1631.0,2318.0,3454.0
01069041902,894.0,1292.0,1631.0,2318.0,3454.0
01069042000,894.0,1292.0,1631.0,2318.0,3454.0
01069042100,894.0,1292.0,1631.0,2318.0,3454.0
01071950101,1274.0,1509.0,2042.0,3414.0,3805.0
01071950102,1274.0,1509.0,2042.0,3414.0,3805.0
01071950200,1274.0,1509.0,2042.0,3414.0,3805.0
01071950301,1274.0,1509.0,2042.0,3414.0,3805.0
01071950302,1274.0,1509.0,2042.0,3414.0,3805.0
01071950400,1274.0,1509.0,2042.0,3414.0,3805.0
01071950500,1274.0,1509.0,2042.0,3414.0,3805.0
01071950601,1274.0,1509.0,2042.0,3414.0,3805.0
01071950602,1274.0,1509.0,2042.0,3414.0,3805.0
01071950700,1274.0,1509.0,2042.0,3414.0,3805.0
01071950800,1274.0,1509.0,2042.0,3414.0,3805.0
01071950901,1274.0,1509.0,2042.0,3414.0,3805.0
01071950902,1274.0,1509.0,2042.0,3414.0,3805.0
01071951000,1274.0,1509.0,2042.0,3414.0,3805.0
01071951101,1274.0,1509.0,2042.0,3414.0,3805.0
01071951102,1274.0,1509.0,2042.0,3414.0,3805.0
01073000100,896.0,1283.0,2043.0,2317.0,3535.0
01073000300,896.0,1283.0,2043.0,2317.0,3535.0
01073000400,896.0,1283.0,2043.0,2317.0,3535.0
01073000500,896.0,1283.0,2043.0,2317.0,3535.0
01073000700,896.0,1283.0,2042.0,2519.0,3535.0
01073000800,896.0,1469.0,2042.0,2519.0,3534.0
01073001100,896.0,1469.0,2042.0,2519.0,3534.0
01073001200,896.0,1469.0,2042.0,2519.0,3534.0
01073001400,896.0,1469.0,2042.0,2519.0,3534.0
01073001500,896.0,1469.0,2042.0,2519.0,3535.0
01073001600,896.0,1469.0,2042.0,2519.0,3535.0
01073001902,896.0,1283.0,2043.0,2317.0,3535.0
01073002000,896.0,1283.0,2043.0,2317.0,3535.0
01073002100,896.0,1283.0,2043.0,2317.0,3535.0
01073002200,896.0,1283.0,2043.0,2317.0,3535.0
01073002303,896.0,1283.0,2043.0,2317.0,3535.0
01073002305,896.0,1283.0,2043.0,2317.0,3535.0
01073002306,896.0,1283.0,2043.0,2317.0,3535.0
01073002401,896.0,1283.0,2043.0,2317.0,3535.0
01073002402,896.0,1283.0,2042.0,2317.0,3535.0
01073002701,896.0,1469.0,2042.0,2317.0,3535.0
01073002702,896.0,1469.0,2042.0,2519.0,3535.0
01073002900,896.0,1469.0,2042.0,2317.0,3534.0
01073003001,896.0,1469.0,2042.0,2519.0,3534.0
01073003002,896.0,1469.0,2042.0,2317.0,3534.0
01073003100,896.0,1469.0,2042.0,2317.0,3534.0
01073003200,896.0,1469.0,2042.0,2519.0,3534.0
01073003300,896.0,1469.0,2042.0,2519.0,3534.0
01073003400,896.0,1469.0,2042.0,2317.0,3534.0
01073003500,895.0,1469.0,2042.0,2317.0,3534.0
01073003600,896.0,1469.0,2042.0,2317.0,3534.0
01073003700,896.0,1469.0,2042.0,2317.0,3534.0
01073003802,896.0,1469.0,2042.0,2317.0,3534.0
01073003803,896.0,1469.0,2042.0,2317.0,3534.0
01073003900,896.0,1469.0,2042.0,2317.0,3534.0
01073004000,896.0,1469.0,2042.0,2317.0,3534.0
01073004200,896.0,1469.0,2042.0,2317.0,3534.0
01073004501,896.0,1469.0,2042.0,2317.0,3534.0
01073004502,896.0,1469.0,2043.0,2317.0,3535.0
01073004701,896.0,1469.0,2043.0,2317.0,3535.0
01073004702,896.0,1283.0,2043.0,2317.0,3535.0
01073004800,896.0,1283.0,2043.0,2317.0,3535.0
01073004901,896.0,1469.0,2043.0,2317.0,3535.0
01073004902,896.0,1469.0,2043.0,2317.0,3534.0
01073005000,896.0,1469.0,2042.0,2317.0,3534.0
01073005101,896.0,1469.0,2042.0,2317.0,3534.0
01073005103,896.0,1469.0,2042.0,2317.0,3534.0
01073005104,896.0,1469.0,2042.0,2317.0,3534.0
01073005200,896.0,1469.0,2042.0,2317.0,3534.0
01073005302,896.0,1283.0,2043.0,2317.0,3535.0
01073005500,896.0,1283.0,2043.0,2519.0,3535.0
01073005600,896.0,1283.0,1647.0,2317.0,3535.0
01073005701,896.0,1469.0,2042.0,2317.0,3534.0
01073005702,896.0,1469.0,2042.0,2317.0,3534.0
01073005800,896.0,1469.0,2042.0,2317.0,3534.0
01073005903,896.0,1283.0,1647.0,2317.0,3535.0
01073005905,896.0,1283.0,1647.0,2317.0,3535.0
01073005907,896.0,1283.0,2043.0,2317.0,3535.0
01073005908,896.0,1283.0,2043.0,2317.0,3806.0
01073005909,896.0,1283.0,2043.0,2317.0,3806.0
01073005910,896.0,1283.0,2043.0,2317.0,3806.0
01073010001,895.0,1470.0,1647.0,2317.0,3806.0
01073010002,895.0,1470.0,1647.0,2317.0,3534.0
01073010100,895.0,1470.0,2042.0,2317.0,3534.0
01073010200,896.0,1470.0,1647.0,2317.0,3534.0
01073010301,896.0,1470.0,1647.0,2317.0,3534.0
01073010302,896.0,1470.0,1647.0,2317.0,3534.0
01073010401,896.0,1470.0,1647.0,2317.0,3534.0
01073010402,896.0,1470.0,1647.0,2317.0,3534.0
01073010500,896.0,1469.0,1647.0,2317.0,3534.0
01073010603,896.0,1469.0,1647.0,2317.0,3534.0
01073010604,896.0,1469.0,1647.0,2317.0,3534.0
01073010605,896.0,1469.0,2042.0,2317.0,3534.0
01073010701,896.0,1469.0,2042.0,2317.0,3534.0
01073010702,896.0,1469.0,1647.0,2317.0,3535.0
01073010703,896.0,1283.0,1647.0,2317.0,3535.0
01073010704,896.0,1469.0,1647.0,2317.0,3534.0
01073010705,896.0,1469.0,2042.0,2317.0,3534.0
01073010706,896.0,1469.0,1647.0,2317.0,3534.0
01073010801,896.0,1283.0,1647.0,2317.0,3535.0
01073010802,896.0,1283.0,1647.0,2317.0,3535.0
01073010803,896.0,1283.0,1647.0,2317.0,3535.0
01073010804,896.0,1283.0,1647.0,2317.0,3535.0
01073010806,896.0,1283.0,1647.0,2317.0,3535.0
01073010807,896.0,1283.0,1647.0,2317.0,3535.0
01073010900,896.0,1283.0,2043.0,2317.0,3535.0
01073011002,896.0,1283.0,2043.0,2317.0,3535.0
01073011003,896.0,1283.0,2043.0,2317.0,3535.0
01073011004,896.0,1283.0,2043.0,2317.0,3535.0
01073011108,896.0,1283.0,2043.0,2317.0,3806.0
01073011109,896.0,1283.0,2043.0,2317.0,3806.0
01073011110,896.0,1283.0,2043.0,2317.0,3806.0
01073011112,896.0,1283.0,2043.0,2317.0,3806.0
01073011113,896.0,1283.0,2043.0,2317.0,3806.0
01073011114,896.0,1283.0,1647.0,2317.0,3535.0
01073011115,896.0,1283.0,2043.0,2317.0,3535.0
01073011116,896.0,1283.0,2043.0,2317.0,3806.0
01073011117,896.0,1283.0,2043.0,2317.0,3806.0
01073011205,896.0,1283.0,2043.0,2317.0,3806.0
01073011206,896.0,1283.0,2043.0,2317.0,3806.0
01073011207,896.0,1283.0,2043.0,2317.0,3806.0
01073011208,896.0,1283.0,2043.0,2317.0,3806.0
01073011209,896.0,1283.0,2043.0,2317.0,3806.0
01073011210,896.0,1283.0,2043.0,2317.0,3806.0
01073011301,896.0,1283.0,2043.0,2317.0,3806.0
01073011303,896.0,1283.0,2043.0,2317.0,3806.0
01073011304,896.0,1283.0,2043.0,2317.0,3806.0
01073011401,896.0,1283.0,2043.0,2317.0,3806.0
01073011402,896.0,1283.0,2043.0,2317.0,3806.0
01073011500,896.0,1469.0,2042.0,2519.0,3806.0
01073011600,896.0,1469.0,2042.0,2519.0,3806.0
01073011704,896.0,1283.0,2043.0,2317.0,3806.0
01073011706,896.0,1283.0,2043.0,2317.0,3806.0
01073011707,896.0,1283.0,2043.0,2317.0,3806.0
01073011708,896.0,1283.0,2043.0,2317.0,3535.0
01073011709,896.0,1283.0,2043.0,2317.0,3806.0
01073011710,896.0,1283.0,2043.0,2317.0,3806.0
01073011803,896.0,1283.0,2043.0,2317.0,3806.0
01073011804,896.0,1283.0,2043.0,2317.0,3806.0
01073011805,896.0,1283.0,2043.0,2317.0,3806.0
01073011806,896.0,1283.0,2043.0,2317.0,3806.0
01073011901,896.0,1283.0,2043.0,2519.0,3806.0
01073011904,896.0,1283.0,2043.0,2519.0,3535.0
01073012001,896.0,1469.0,2042.0,2519.0,3806.0
01073012003,896.0,1283.0,2043.0,2317.0,3806.0
01073012004,896.0,1469.0,2043.0,2317.0,3535.0
01073012103,896.0,1470.0,2042.0,2519.0,3806.0
01073012104,896.0,1470.0,2042.0,2519.0,3806.0
01073012200,895.0,1470.0,2042.0,2519.0,3806.0
01073012302,895.0,1470.0,2042.0,2519.0,3806.0
01073012304,895.0,1470.0,2042.0,2519.0,3806.0
01073012306,895.0,1470.0,2042.0,2317.0,3806.0
01073012307,895.0,1470.0,2042.0,2519.0,3806.0
01073012401,896.0,1469.0,2042.0,2519.0,3534.0
01073012402,896.0,1470.0,2042.0,2519.0,3806.0
01073012403,896.0,1470.0,2042.0,2519.0,3806.0
01073012500,896.0,1470.0,2042.0,2519.0,3806.0
01073012602,896.0,1283.0,1647.0,2317.0,3535.0
01073012701,896.0,1283.0,1647.0,2317.0,3535.0
01073012703,896.0,1283.0,1647.0,2317.0,3535.0
01073012704,896.0,1283.0,1647.0,2317.0,3535.0
01073012802,896.0,1283.0,1647.0,2317.0,3535.0
01073012804,896.0,1283.0,1647.0,2317.0,3535.0
01073012805,896.0,1283.0,1647.0,2317.0,3535.0
01073012905,896.0,1469.0,1647.0,2317.0,3535.0
01073012907,896.0,1469.0,1647.0,2317.0,3535.0
01073012908,896.0,1469.0,1647.0,2317.0,3535.0
01073012910,896.0,1283.0,1647.0,2317.0,3535.0
01073012911,896.0,1469.0,1647.0,2317.0,3535.0
01073012913,896.0,1469.0,1647.0,2317.0,3535.0
01073012914,896.0,1469.0,1647.0,2317.0,3534.0
01073012916,896.0,1469.0,1647.0,2317.0,3534.0
01073012917,896.0,1469.0,1647.0,2317.0,3535.0
01073012918,896.0,1469.0,1647.0,2317.0,3534.0
01073012919,896.0,1469.0,1647.0,2317.0,3535.0
01073012920,896.0,1469.0,1647.0,2317.0,3534.0
01073012921,896.0,1469.0,1647.0,2317.0,3534.0
01073013002,896.0,1469.0,2042.0,2317.0,3534.0
01073013100,896.0,1469.0,1647.0,2317.0,3534.0
01073013200,896.0,1469.0,1647.0,2317.0,3534.0
01073013300,896.0,1470.0,2042.0,2317.0,3534.0
01073013400,895.0,1470.0,2042.0,2317.0,3534.0
01073013601,896.0,1470.0,2042.0,2317.0,3534.0
01073013801,895.0,1470.0,2042.0,2317.0,3534.0
01073013901,895.0,1470.0,2042.0,2317.0,3534.0
01073013902,895.0,1470.0,2042.0,2317.0,3534.0
01073014001,895.0,1470.0,2042.0,2519.0,3806.0
01073014002,895.0,1470.0,1647.0,2317.0,3806.0
01073014104,895.0,1470.0,1647.0,2317.0,3534.0
01073014105,896.0,1470.0,1647.0,2317.0,3534.0
01073014106,895.0,1470.0,1647.0,2519.0,3806.0
01073014107,895.0,1470.0,2042.0,2519.0,3806.0
01073014205,895.0,1469.0,1647.0,2317.0,3534.0
01073014206,896.0,1469.0,1647.0,2317.0,3534.0
01073014207,895.0,1469.0,1647.0,2317.0,3534.0
01073014208,896.0,1469.0,1647.0,2317.0,3534.0
01073014209,896.0,1469.0,1647.0,2317.0,3534.0
01073014301,896.0,1470.0,1647.0,2317.0,3534.0
01073014303,896.0,1469.0,1647.0,2317.0,3534.0
01073014304,896.0,1469.0,1647.0,2317.0,3534.0
01073014404,896.0,1469.0,1647.0,2317.0,3534.0
01073014405,896.0,1469.0,1647.0,2317.0,3534.0
01073014406,896.0,1469.0,1647.0,2317.0,3534.0
01073014408,896.0,1469.0,1647.0,2317.0,3534.0
01073014409,896.0,1469.0,1647.0,2317.0,3534.0
01073014410,896.0,1469.0,1647.0,2317.0,3534.0
01073014412,896.0,1469.0,1647.0,2317.0,3534.0
01073014414,896.0,1469.0,1647.0,2317.0,3534.0
01073014415,896.0,1469.0,1647.0,2317.0,3534.0
01075030000,1041.0,1470.0,2042.0,3415.0,3804.0
01075030101,1041.0,1470.0,2042.0,3415.0,3804.0
01075030102,1041.0,1470.0,2042.0,3415.0,3804.0
01075030200,1041.0,1470.0,2042.0,3415.0,3804.0
01077010100,1273.0,1470.0,2041.0,3415.0,3804.0
01077010200,1273.0,1470.0,2041.0,3415.0,3804.0
01077010300,1273.0,1470.0,2041.0,3415.0,3804.0
01077010400,1273.0,1470.0,2041.0,3415.0,3804.0
01077010600,1273.0,1470.0,2041.0,3415.0,3804.0
01077010700,1273.0,1470.0,2041.0,3415.0,3804.0
01077010800,1273.0,1470.0,2041.0,3415.0,3804.0
01077010901,1273.0,1470.0,2041.0,3415.0,3804.0
01077010902,1273.0,1470.0,2041.0,3414.0,3804.0
01077011000,1273.0,1470.0,2041.0,3415.0,3804.0
01077011101,1273.0,1470.0,2041.0,3414.0,3804.0
01077011102,1273.0,1470.0,2041.0,3414.0,3804.0
01077011200,1273.0,1470.0,2041.0,3415.0,3804.0
01077011300,1273.0,1470.0,2041.0,3415.0,3804.0
01077011401,1273.0,1470.0,2041.0,3414.0,3804.0
01077011402,1273.0,1470.0,2041.0,3414.0,3804.0
01077011502,1273.0,1470.0,2041.0,3414.0,3804.0
01077011503,1273.0,1470.0,2041.0,3414.0,3804.0
01077011504,1273.0,1470.0,2041.0,3414.0,3804.0
01077011602,1273.0,1470.0,2041.0,3414.0,3804.0
01077011603,1273.0,1470.0,2041.0,3414.0,3804.0
01077011605,1273.0,1470.0,2041.0,3414.0,3804.0
01077011606,1273.0,1470.0,2041.0,3414.0,3804.0
01077011700,1273.0,1470.0,2041.0,3414.0,3804.0
01077011801,1273.0,1470.0,2041.0,3414.0,3804.0
01077011802,1273.0,1470.0,2041.0,3414.0,3804.0
01079979100,1273.0,1470.0,2041.0,3415.0,3804.0
01079979201,1273.0,1470.0,2041.0,3415.0,3804.0
01079979202,1273.0,1470.0,2041.0,3415.0,3804.0
01079979300,1273.0,1470.0,2041.0,3415.0,3804.0
01079979400,1273.0,1469.0,2042.0,3415.0,3804.0
01079979501,1273.0,1469.0,2041.0,3415.0,3804.0
01079979502,1273.0,1470.0,2041.0,3415.0,3804.0
01079979600,1273.0,1469.0,2042.0,3415.0,3804.0
01079979700,1273.0,1469.0,2042.0,3415.0,3804.0
01079979800,1273.0,1470.0,2042.0,3415.0,3804.0
01079979900,1273.0,1470.0,2042.0,3415.0,3804.0
01081040201,894.0,1509.0,1630.0,2319.0,3534.0
01081040202,894.0,1509.0,1631.0,2319.0,3534.0
01081040300,894.0,1509.0,1631.0,2319.0,3534.0
01081040401,894.0,1509.0,1631.0,2319.0,3534.0
01081040402,894.0,1509.0,1631.0,2319.0,3534.0
01081040403,894.0,1509.0,1631.0,2319.0,3534.0
01081040501,894.0,1509.0,1631.0,2319.0,3534.0
01081040502,894.0,1509.0,1631.0,2319.0,3534.0
01081040602,894.0,1509.0,1630.0,2319.0,3534.0
01081040603,894.0,1509.0,1630.0,2319.0,3534.0
01081040605,894.0,1509.0,1630.0,2319.0,3534.0
01081040606,894.0,1509.0,1631.0,2319.0,3534.0
01081040607,894.0,1509.0,1631.0,2319.0,3534.0
01081040700,894.0,1509.0,1630.0,2319.0,3534.0
01081040801,894.0,1509.0,1630.0,2319.0,3534.0
01081040802,894.0,1509.0,1630.0,2319.0,3534.0
01081040901,894.0,1509.0,1630.0,2319.0,3534.0
01081040903,894.0,1509.0,1630.0,2319.0,3534.0
01081040904,894.0,1509.0,1630.0,2319.0,3534.0
01081041001,894.0,1509.0,1630.0,2319.0,3534.0
01081041002,894.0,1509.0,1630.0,2319.0,3534.0
01081041101,894.0,1509.0,1631.0,2319.0,3534.0
01081041102,894.0,1509.0,1630.0,2319.0,3534.0
01081041103,894.0,1509.0,1630.0,2319.0,3534.0
01081041104,894.0,1509.0,1630.0,2319.0,3534.0
01081041200,894.0,1509.0,1630.0,2319.0,3534.0
01081041300,894.0,1509.0,1631.0,2319.0,3534.0
01081041400,894.0,1509.0,1631.0,2319.0,3534.0
01081041600,894.0,1509.0,1631.0,2319.0,3534.0
01081041701,894.0,1509.0,1631.0,2319.0,3534.0
01081041702,894.0,1509.0,1631.0,2319.0,3534.0
01081041703,894.0,1509.0,1631.0,2319.0,3534.0
01081041801,894.0,1509.0,1631.0,2319.0,3534.0
01081041802,894.0,1509.0,1631.0,2319.0,3534.0
01081041803,894.0,1509.0,1631.0,2319.0,3534.0
01081041901,894.0,1509.0,1631.0,2319.0,3534.0
01081041902,894.0,1509.0,1631.0,2319.0,3534.0
01081041903,894.0,1509.0,1631.0,2319.0,3534.0
01081042002,894.0,1509.0,1631.0,2319.0,3534.0
01081042003,894.0,1509.0,1631.0,2319.0,3534.0
01081042005,894.0,1509.0,1631.0,2319.0,3534.0
01081042006,894.0,1509.0,1631.0,2319.0,3534.0
01081042007,894.0,1509.0,1631.0,2319.0,3534.0
01081042008,894.0,1509.0,1631.0,2319.0,3534.0
01081042009,894.0,1509.0,1631.0,2319.0,3534.0
01081042101,894.0,1509.0,1631.0,2319.0,3534.0
01081042103,894.0,1509.0,1631.0,2319.0,3534.0
01081042104,894.0,1509.0,1631.0,2319.0,3534.0
01083020101,1273.0,1510.0,2041.0,3414.0,3804.0
01083020103,1273.0,1509.0,2041.0,3414.0,3804.0
01083020104,1273.0,1509.0,2041.0,3414.0,3804.0
01083020201,1273.0,1510.0,2041.0,3414.0,3804.0
01083020202,1273.0,1510.0,2041.0,3414.0,3804.0
01083020300,1273.0,1510.0,2041.0,3414.0,3804.0
01083020402,1273.0,1510.0,2041.0,3414.0,3804.0
01083020403,1273.0,1510.0,2041.0,3414.0,3804.0
01083020404,1273.0,1510.0,2041.0,3414.0,3804.0
01083020500,1273.0,1510.0,2041.0,3414.0,3804.0
01083020600,1273.0,1510.0,2041.0,3414.0,3804.0
01083020700,1273.0,1510.0,2041.0,3414.0,3804.0
01083020803,1273.0,1510.0,2041.0,3414.0,3804.0
01083020804,1273.0,1510.0,2041.0,3414.0,3804.0
01083020805,1273.0,1510.0,2041.0,3414.0,3804.0
01083020806,1273.0,1510.0,2041.0,3414.0,3804.0
01083020900,1273.0,1510.0,2041.0,3414.0,3804.0
01083021000,1273.0,1510.0,2041.0,3414.0,3804.0
01083021101,1273.0,1510.0,2041.0,3414.0,3804.0
01083021102,1273.0,1510.0,2041.0,3414.0,3804.0
01083021201,1273.0,1510.0,2041.0,3414.0,3804.0
01083021202,1273.0,1510.0,2041.0,3414.0,3804.0
01083021203,1273.0,1510.0,2041.0,3414.0,3804.0
01085780800,1041.0,1292.0,1630.0,2519.0,3455.0
01085781000,1041.0,1292.0,1630.0,2519.0,3455.0
01085781100,1041.0,1292.0,1630.0,2519.0,3455.0
01085781200,1041.0,1292.0,1630.0,2519.0,3455.0
01087231400,894.0,1292.0,1630.0,2318.0,3534.0
01087231500,894.0,1292.0,1630.0,2318.0,3534.0
01087231601,894.0,1292.0,1630.0,2318.0,3534.0
01087231602,894.0,1292.0,1630.0,2318.0,3534.0
01087231603,894.0,1292.0,1630.0,2318.0,3534.0
01087231700,894.0,1292.0,1630.0,2318.0,3534.0
01087231800,894.0,1292.0,1630.0,2318.0,3534.0
01087231900,894.0,1292.0,1630.0,2318.0,3534.0
01087232000,894.0,1292.0,1630.0,2318.0,3534.0
01087232100,894.0,1292.0,1630.0,2318.0,3534.0
01087232200,894.0,1292.0,1630.0,2318.0,3534.0
01087232300,894.0,1292.0,1630.0,2318.0,3534.0
01089000203,1274.0,1509.0,2041.0,3414.0,3805.0
01089000301,1274.0,1509.0,2041.0,3414.0,3805.0
01089000302,1274.0,1509.0,2041.0,3414.0,3805.0
01089000403,1274.0,1509.0,2041.0,3414.0,3805.0
01089000501,1274.0,1509.0,2041.0,3414.0,3805.0
01089000502,1274.0,1510.0,2041.0,3414.0,3805.0
01089000503,1274.0,1510.0,2041.0,3414.0,3805.0
01089000601,1274.0,1510.0,2041.0,3414.0,3805.0
01089000602,1274.0,1510.0,2041.0,3414.0,3805.0
01089000701,1274.0,1509.0,2041.0,3414.0,3805.0
01089000702,1274.0,1509.0,2041.0,3414.0,3805.0
01089000901,1274.0,1509.0,2041.0,3414.0,3805.0
01089000902,1274.0,1509.0,2041.0,3414.0,3805.0
01089001000,1274.0,1509.0,2041.0,3414.0,3805.0
01089001200,1274.0,1509.0,2041.0,3414.0,3805.0
01089001301,1274.0,1510.0,2041.0,3414.0,3805.0
01089001302,1274.0,1510.0,2041.0,3414.0,3805.0
01089001401,1274.0,1510.0,2041.0,3414.0,3805.0
01089001403,1274.0,1510.0,2041.0,3414.0,3805.0
01089001404,1274.0,1510.0,2041.0,3414.0,3805.0
01089001500,1274.0,1510.0,2041.0,3414.0,3805.0
01089001700,1274.0,1509.0,2041.0,3414.0,3805.0
01089001801,1274.0,1509.0,2041.0,3414.0,3805.0
01089001901,1274.0,1509.0,2041.0,3414.0,3805.0
01089001902,1274.0,1509.0,2041.0,3414.0,3805.0
01089001903,1274.0,1509.0,2041.0,3414.0,3805.0
01089002000,1274.0,1509.0,2041.0,3414.0,3805.0
01089002100,1274.0,1510.0,2041.0,3414.0,3805.0
01089002200,1274.0,1510.0,2041.0,3414.0,3805.0
01089002300,1274.0,1510.0,2041.0,3414.0,3805.0
01089002400,1274.0,1510.0,2041.0,3414.0,3805.0
01089002501,1274.0,1510.0,2041.0,3414.0,3805.0
01089002502,1274.0,1510.0,2041.0,3414.0,3805.0
01089002600,1274.0,1510.0,2041.0,3414.0,3805.0
01089002701,1274.0,1509.0,2041.0,3414.0,3805.0
01089002721,1274.0,1509.0,2041.0,3414.0,3805.0
01089002722,1274.0,1509.0,2041.0,3414.0,3805.0
01089002801,1274.0,1510.0,2041.0,3414.0,3805.0
01089002803,1274.0,1510.0,2041.0,3414.0,3805.0
01089002804,1274.0,1510.0,2041.0,3414.0,3805.0
01089002911,1274.0,1509.0,2041.0,3414.0,3805.0
01089002912,1274.0,1509.0,2041.0,3414.0,3805.0
01089002922,1274.0,1509.0,2041.0,3414.0,3805.0
01089002923,1274.0,1509.0,2041.0,3414.0,3805.0
01089002924,1274.0,1509.0,2041.0,3414.0,3805.0
01089003000,1274.0,1509.0,2041.0,3414.0,3805.0
01089003100,1274.0,1509.0,2041.0,3414.0,3805.0
01089010101,1274.0,1509.0,2041.0,3414.0,3805.0
01089010102,1274.0,1509.0,2041.0,3414.0,3805.0
01089010200,1274.0,1509.0,2041.0,3414.0,3805.0
01089010302,1274.0,1509.0,2041.0,3414.0,3805.0
01089010303,1274.0,1509.0,2041.0,3414.0,3805.0
01089010304,1274.0,1509.0,2041.0,3414.0,3805.0
01089010403,1274.0,1509.0,2041.0,3414.0,3805.0
01089010404,1274.0,1509.0,2041.0,3414.0,3804.0
01089010405,1274.0,1509.0,2041.0,3414.0,3805.0
01089010406,1274.0,1509.0,2041.0,3414.0,3804.0
01089010502,1274.0,1509.0,2041.0,3414.0,3805.0
01089010503,1274.0,1510.0,2041.0,3414.0,3804.0
01089010504,1274.0,1509.0,2041.0,3414.0,3805.0
01089010612,1274.0,1510.0,2041.0,3414.0,3805.0
01089010623,1274.0,1510.0,2041.0,3414.0,3805.0
01089010625,1274.0,1510.0,2041.0,3414.0,3805.0
01089010626,1274.0,1510.0,2041.0,3414.0,3805.0
01089010627,1274.0,1510.0,2041.0,3414.0,3805.0
01089010628,1274.0,1510.0,2041.0,3414.0,3804.0
01089010629,1274.0,1510.0,2041.0,3414.0,3804.0
01089010630,1274.0,1510.0,2041.0,3414.0,3805.0
01089010631,1274.0,1509.0,2041.0,3414.0,3805.0
01089010703,1274.0,1509.0,2041.0,3414.0,3805.0
01089010704,1274.0,1509.0,2041.0,3414.0,3805.0
01089010705,1274.0,1509.0,2041.0,3414.0,3805.0
01089010706,1274.0,1509.0,2041.0,3414.0,3805.0
01089010801,1274.0,1509.0,2041.0,3414.0,3805.0
01089010802,1274.0,1509.0,2041.0,3414.0,3805.0
01089010902,1274.0,1509.0,2041.0,3414.0,3805.0
01089010903,1274.0,1509.0,2041.0,3414.0,3805.0
01089010904,1274.0,1509.0,2041.0,3414.0,3805.0
01089010905,1274.0,1509.0,2041.0,3414.0,3805.0
01089011012,1274.0,1510.0,2041.0,3414.0,3805.0
01089011013,1274.0,1510.0,2041.0,3414.0,3805.0
01089011021,1273.0,1510.0,2041.0,3414.0,3804.0
01089011023,1274.0,1510.0,2041.0,3414.0,3804.0
01089011024,1273.0,1510.0,2041.0,3414.0,3804.0
01089011025,1274.0,1510.0,2041.0,3414.0,3805.0
01089011026,1274.0,1510.0,2041.0,3414.0,3804.0
01089011027,1274.0,1510.0,2041.0,3414.0,3805.0
01089011028,1274.0,1510.0,2041.0,3414.0,3805.0
01089011100,1274.0,1510.0,2041.0,3414.0,3805.0
01089011201,1273.0,1510.0,2041.0,3414.0,3805.0
01089011202,1273.0,1510.0,2041.0,3414.0,3805.0
01089011203,1273.0,1510.0,2041.0,3414.0,3805.0
01089011301,1274.0,1509.0,2041.0,3414.0,3805.0
01089011302,1274.0,1509.0,2041.0,3414.0,3805.0
01089011400,1274.0,1509.0,2041.0,3414.0,3805.0
01091972901,1041.0,1470.0,1647.0,2518.0,3806.0
01091972902,1041.0,1470.0,1646.0,2518.0,3455.0
01091973001,1041.0,1469.0,1646.0,2518.0,3455.0
01091973002,1041.0,1469.0,1646.0,2518.0,3455.0
01091973100,1041.0,1469.0,1646.0,2518.0,3455.0
01091973200,1041.0,1292.0,1646.0,2518.0,3455.0
01091973300,1041.0,1469.0,1646.0,2518.0,3455.0
01091973400,1041.0,1470.0,1646.0,2518.0,3455.0
01093964001,1041.0,1470.0,2042.0,3415.0,3804.0
01093964002,1041.0,1470.0,2042.0,3415.0,3804.0
01093964100,1041.0,1470.0,2042.0,3415.0,3804.0
01093964200,1041.0,1470.0,2042.0,3415.0,3804.0
01093964300,1041.0,1470.0,2042.0,3415.0,3804.0
01093964401,1041.0,1470.0,2042.0,3415.0,3804.0
01093964402,1041.0,1470.0,2042.0,3415.0,3804.0
01093964500,1041.0,1470.0,2042.0,3415.0,3804.0
01093964600,1041.0,1470.0,2042.0,3415.0,3804.0
01093964701,1041.0,1470.0,2042.0,3415.0,3804.0
01093964702,1041.0,1470.0,2042.0,3415.0,3804.0
01095030101,1274.0,1510.0,2042.0,3414.0,3805.0
01095030102,1274.0,1509.0,2042.0,3414.0,3805.0
01095030203,1274.0,1509.0,2042.0,3414.0,3805.0
01095030204,1274.0,1509.0,2042.0,3414.0,3805.0
01095030205,1274.0,1509.0,2042.0,3414.0,3805.0
01095030206,1274.0,1509.0,2042.0,3414.0,3805.0
01095030301,1274.0,1510.0,2042.0,3415.0,3805.0
01095030302,1274.0,1510.0,2042.0,3415.0,3805.0
01095030401,1274.0,1510.0,2042.0,3415.0,3805.0
01095030402,1274.0,1510.0,2042.0,3415.0,3805.0
01095030501,1274.0,1510.0,2042.0,3415.0,3805.0
01095030502,1274.0,1510.0,2042.0,3415.0,3805.0
01095030601,1274.0,1510.0,2042.0,3415.0,3805.0
01095030602,1274.0,1510.0,2042.0,3415.0,3805.0
01095030701,1274.0,1510.0,2042.0,3415.0,3805.0
01095030702,1274.0,1510.0,2042.0,3415.0,3805.0
01095030801,1274.0,1510.0,2042.0,3415.0,3805.0
01095030803,1274.0,1510.0,2042.0,3415.0,3805.0
01095030804,1274.0,1510.0,2042.0,3415.0,3805.0
01095030902,1274.0,1510.0,2042.0,3415.0,3805.0
01095030903,1274.0,1510.0,2042.0,3415.0,3805.0
01095030904,1274.0,1510.0,2042.0,3415.0,3805.0
01095031001,1274.0,1510.0,2042.0,3415.0,3805.0
01095031002,1274.0,1510.0,2042.0,3415.0,3805.0
01095031100,1274.0,1510.0,2042.0,3415.0,3805.0
01095031200,1274.0,1510.0,2042.0,3415.0,3805.0
01097000200,1042.0,1284.0,1646.0,2518.0,3454.0
01097000401,1042.0,1284.0,1646.0,2518.0,3454.0
01097000402,1042.0,1284.0,1646.0,2518.0,3454.0
01097000500,1042.0,1284.0,1646.0,2518.0,3454.0
01097000600,1042.0,1284.0,1646.0,2518.0,3454.0
01097000701,1042.0,1284.0,1646.0,2518.0,3454.0
01097000702,1042.0,1284.0,1646.0,2518.0,3454.0
01097000801,1042.0,1284.0,1646.0,2518.0,3454.0
01097000802,1042.0,1284.0,1646.0,2518.0,3454.0
01097000901,1042.0,1284.0,1646.0,2518.0,3454.0
01097000902,1042.0,1284.0,1646.0,2518.0,3454.0
01097000903,1042.0,1284.0,1646.0,2518.0,3454.0
01097001001,1042.0,1284.0,1646.0,2518.0,3454.0
01097001002,1042.0,1284.0,1646.0,2518.0,3454.0
01097001100,1042.0,1284.0,1646.0,2518.0,3454.0
01097001200,1042.0,1284.0,1646.0,2518.0,3454.0
01097001302,1042.0,1284.0,1646.0,2518.0,3454.0
01097001400,1042.0,1284.0,1646.0,2518.0,3454.0
01097001501,1042.0,1284.0,1646.0,2518.0,3454.0
01097001502,1042.0,1284.0,1646.0,2518.0,3454.0
01097001800,1042.0,1284.0,1646.0,2518.0,3454.0
01097001901,1042.0,1284.0,1646.0,2518.0,3454.0
01097001902,1042.0,1284.0,1646.0,2518.0,3454.0
01097002000,1042.0,1284.0,1646.0,2518.0,3454.0
01097002100,1042.0,1284.0,1646.0,2518.0,3454.0
01097002200,1042.0,1284.0,1646.0,2518.0,3454.0
01097002301,1042.0,1284.0,1646.0,2518.0,3454.0
01097002302,1042.0,1284.0,1646.0,2518.0,3454.0
01097002400,1042.0,1284.0,1646.0,2518.0,3454.0
01097002501,1042.0,1284.0,1646.0,2518.0,3454.0
01097002502,1042.0,1284.0,1646.0,2518.0,3454.0
01097002600,1042.0,1284.0,1646.0,2518.0,3454.0
01097002700,1042.0,1284.0,1646.0,2518.0,3454.0
01097002800,1042.0,1284.0,1646.0,2518.0,3454.0
01097002900,1042.0,1284.0,1646.0,2518.0,3454.0
01097003000,1042.0,1284.0,1646.0,2518.0,3454.0
01097003100,1042.0,1284.0,1646.0,2518.0,3454.0
01097003202,1042.0,1284.0,1646.0,2518.0,3454.0
01097003203,1042.0,1284.0,1646.0,2518.0,3454.0
01097003205,1042.0,1284.0,1646.0,2518.0,3454.0
01097003206,1042.0,1284.0,1646.0,2518.0,3454.0
01097003207,1042.0,1284.0,1646.0,2518.0,3454.0
01097003301,1042.0,1284.0,1646.0,2518.0,3454.0
01097003302,1042.0,1284.0,1646.0,2518.0,3454.0
01097003402,1042.0,1284.0,1646.0,2518.0,3455.0
01097003404,1042.0,1284.0,1646.0,2518.0,3455.0
01097003405,1042.0,1284.0,1646.0,2518.0,3455.0
01097003406,1042.0,1284.0,1646.0,2518.0,3455.0
01097003408,1042.0,1284.0,1646.0,2518.0,3455.0
01097003409,1042.0,1284.0,1646.0,2518.0,3455.0
01097003410,1042.0,1284.0,1646.0,2518.0,3455.0
01097003501,1042.0,1284.0,1646.0,2518.0,3455.0
01097003502,1042.0,1284.0,1646.0,2518.0,3454.0
01097003602,1042.0,1284.0,1646.0,2518.0,3455.0
01097003606,1042.0,1284.0,1646.0,2518.0,3454.0
01097003607,1042.0,1284.0,1646.0,2518.0,3455.0
01097003608,1042.0,1284.0,1646.0,2518.0,3455.0
01097003703,1042.0,1284.0,1646.0,2518.0,3454.0
01097003704,1042.0,1284.0,1646.0,2518.0,3454.0
01097003705,1042.0,1284.0,1646.0,2518.0,3454.0
01097003706,1042.0,1284.0,1646.0,2518.0,3454.0
01097003707,1042.0,1284.0,1646.0,2518.0,3454.0
01097003708,1042.0,1284.0,1646.0,2518.0,3454.0
01097003710,1042.0,1284.0,1646.0,2518.0,3454.0
01097003711,1042.0,1284.0,1646.0,2518.0,3454.0
01097003712,1042.0,1284.0,1646.0,2518.0,3454.0
01097003800,1042.0,1284.0,1646.0,2518.0,3455.0
01097003901,1042.0,1284.0,1646.0,2518.0,3454.0
01097003902,1042.0,1284.0,1646.0,2518.0,3454.0
01097004000,1042.0,1284.0,1646.0,2518.0,3454.0
01097004100,1042.0,1284.0,1646.0,2518.0,3454.0
01097004800,1042.0,1284.0,1646.0,2518.0,3455.0
01097004900,1042.0,1284.0,1646.0,2518.0,3455.0
01097005000,1042.0,1284.0,1646.0,2518.0,3455.0
01097005100,1042.0,1284.0,1646.0,2518.0,3455.0
01097005200,1042.0,1284.0,1646.0,2518.0,3455.0
01097005300,1042.0,1284.0,1646.0,2518.0,3455.0
01097005400,1042.0,1284.0,1646.0,2518.0,3455.0
01097005500,1042.0,1284.0,1646.0,2518.0,3455.0
01097005601,1042.0,1284.0,1646.0,2518.0,3455.0
01097005602,1042.0,1284.0,1646.0,2518.0,3455.0
01097005701,1042.0,1284.0,1646.0,2518.0,3455.0
01097005702,1042.0,1284.0,1646.0,2518.0,3455.0
01097005800,1042.0,1284.0,1646.0,2518.0,3455.0
01097005900,1042.0,1284.0,1646.0,2518.0,3455.0
01097006000,1042.0,1284.0,1646.0,2518.0,3455.0
01097006102,1042.0,1284.0,1646.0,2518.0,3455.0
01097006103,1042.0,1284.0,1646.0,2518.0,3455.0
01097006104,1042.0,1284.0,1646.0,2518.0,3455.0
01097006106,1042.0,1284.0,1646.0,2518.0,3455.0
01097006107,1042.0,1284.0,1646.0,2518.0,3455.0
01097006201,1042.0,1284.0,1646.0,2518.0,3455.0
01097006202,1042.0,1284.0,1646.0,2518.0,3455.0
01097006303,1042.0,1284.0,1646.0,2518.0,3455.0
01097006304,1042.0,1284.0,1646.0,2518.0,3455.0
01097006305,1042.0,1284.0,1646.0,2518.0,3455.0
01097006306,1042.0,1284.0,1646.0,2518.0,3455.0
01097006307,1042.0,1284.0,1646.0,2518.0,3455.0
01097006402,1042.0,1284.0,1646.0,2518.0,3455.0
01097006403,1042.0,1284.0,1646.0,2518.0,3455.0
01097006407,1042.0,1284.0,1646.0,2518.0,3455.0
01097006408,1042.0,1284.0,1646.0,2518.0,3454.0
01097006409,1042.0,1284.0,1646.0,2518.0,3455.0
01097006410,1042.0,1284.0,1646.0,2518.0,3454.0
01097006411,1042.0,1284.0,1646.0,2518.0,3455.0
01097006412,1042.0,1284.0,1646.0,2518.0,3455.0
01097006413,1042.0,1284.0,1646.0,2518.0,3455.0
01097006501,1042.0,1284.0,1646.0,2518.0,3454.0
01097006503,1042.0,1284.0,1646.0,2518.0,3455.0
01097006504,1042.0,1284.0,1646.0,2518.0,3454.0
01097006505,1042.0,1284.0,1646.0,2518.0,3455.0
01097006600,1042.0,1284.0,1646.0,2518.0,3454.0
01097006702,1042.0,1284.0,1646.0,2518.0,3454.0
01097006703,1042.0,1284.0,1646.0,2518.0,3454.0
01097006704,1042.0,1284.0,1646.0,2518.0,3454.0
01097006802,1042.0,1284.0,1646.0,2518.0,3454.0
01097006803,1042.0,1284.0,1646.0,2518.0,3454.0
01097006804,1042.0,1284.0,1646.0,2518.0,3454.0
01097006902,1042.0,1284.0,1646.0,2518.0,3454.0
01097006903,1042.0,1284.0,1646.0,2518.0,3454.0
01097006904,1042.0,1284.0,1646.0,2518.0,3454.0
01097007000,1042.0,1284.0,1646.0,2518.0,3454.0
01097007101,1042.0,1284.0,1646.0,2518.0,3454.0
01097007102,1042.0,1284.0,1646.0,2518.0,3454.0
01097007103,1042.0,1284.0,1646.0,2518.0,3454.0
01097007201,1042.0,1284.0,1646.0,2518.0,3454.0
01097007203,1042.0,1284.0,1646.0,2518.0,3454.0
01097007204,1042.0,1284.0,1646.0,2518.0,3454.0
01097007300,1042.0,1284.0,1646.0,2518.0,3454.0
01097007400,1042.0,1284.0,1646.0,2518.0,3454.0
01097007500,1042.0,1284.0,1646.0,2518.0,3455.0
01097007600,1042.0,1284.0,1646.0,2518.0,3455.0
01097007700,1042.0,1284.0,1646.0,2518.0,3454.0
01097980000,1042.0,1284.0,1646.0,2518.0,3455.0
01099075600,1041.0,1292.0,1630.0,2519.0,3455.0
01099075700,1041.0,1292.0,1630.0,2519.0,3455.0
01099075800,1041.0,1292.0,1630.0,2519.0,3455.0
01099075901,1041.0,1292.0,1630.0,2519.0,3455.0
01099075902,1041.0,1292.0,1630.0,2519.0,3455.0
01099076000,1041.0,1292.0,1630.0,2519.0,3455.0
01099076101,1041.0,1292.0,1630.0,2519.0,3455.0
01099076102,1041.0,1292.0,1630.0,2519.0,3455.0
01099076200,1041.0,1292.0,1630.0,2519.0,3455.0
01101000100,895.0,1292.0,1630.0,2318.0,3455.0
01101000200,895.0,1292.0,1630.0,2318.0,3455.0
01101000300,895.0,1292.0,1630.0,2318.0,3455.0
01101000400,895.0,1292.0,1630.0,2318.0,3455.0
01101000500,895.0,1292.0,1630.0,2318.0,3455.0
01101000600,895.0,1292.0,1630.0,2318.0,3455.0
01101000700,895.0,1292.0,1630.0,2318.0,3455.0
01101000900,895.0,1292.0,1630.0,2318.0,3455.0
01101001000,895.0,1292.0,1630.0,2318.0,3455.0
01101001100,895.0,1292.0,1630.0,2318.0,3455.0
01101001200,895.0,1292.0,1630.0,2318.0,3455.0
01101001300,895.0,1292.0,1630.0,2318.0,3455.0
01101001400,895.0,1292.0,1630.0,2318.0,3455.0
01101001500,895.0,1292.0,1630.0,2318.0,3455.0
01101001600,895.0,1292.0,1630.0,2318.0,3455.0
01101001700,895.0,1292.0,1630.0,2318.0,3455.0
01101001800,895.0,1292.0,1630.0,2318.0,3455.0
01101001900,895.0,1292.0,1630.0,2318.0,3455.0
01101002000,895.0,1292.0,1630.0,2318.0,3455.0
01101002100,895.0,1292.0,1630.0,2318.0,3455.0
01101002201,895.0,1292.0,1630.0,2318.0,3455.0
01101002202,895.0,1292.0,1630.0,2318.0,3455.0
01101002300,895.0,1292.0,1630.0,2318.0,3455.0
01101002400,895.0,1292.0,1630.0,2318.0,3455.0
01101002500,895.0,1292.0,1630.0,2318.0,3455.0
01101002600,895.0,1292.0,1630.0,2318.0,3455.0
01101002700,895.0,1292.0,1630.0,2318.0,3455.0
01101002800,895.0,1292.0,1630.0,2318.0,3455.0
01101002901,895.0,1292.0,1630.0,2318.0,3455.0
01101002902,895.0,1292.0,1630.0,2318.0,3455.0
01101003000,895.0,1292.0,1630.0,2318.0,3455.0
01101003100,895.0,1292.0,1630.0,2318.0,3455.0
01101003200,895.0,1292.0,1630.0,2318.0,3455.0
01101003301,895.0,1292.0,1630.0,2318.0,3455.0
01101003303,895.0,1292.0,1630.0,2318.0,3455.0
01101003304,895.0,1292.0,1630.0,2318.0,3455.0
01101005101,895.0,1292.0,1630.0,2318.0,3534.0
01101005102,895.0,1292.0,1630.0,2318.0,3455.0
01101005301,895.0,1292.0,1630.0,2318.0,3455.0
01101005302,895.0,1292.0,1630.0,2318.0,3534.0
01101005402,895.0,1292.0,1630.0,2318.0,3534.0
01101005403,895.0,1292.0,1630.0,2318.0,3534.0
01101005407,895.0,1292.0,1630.0,2318.0,3455.0
01101005409,895.0,1292.0,1630.0,2318.0,3534.0
01101005410,895.0,1292.0,1630.0,2318.0,3455.0
01101005411,895.0,1292.0,1630.0,2318.0,3455.0
01101005412,895.0,1292.0,1630.0,2318.0,3455.0
01101005413,895.0,1292.0,1630.0,2318.0,3455.0
01101005414,895.0,1292.0,1630.0,2318.0,3534.0
01101005501,895.0,1292.0,1630.0,2318.0,3455.0
01101005502,895.0,1292.0,1630.0,2318.0,3455.0
01101005503,895.0,1292.0,1630.0,2318.0,3455.0
01101005504,895.0,1292.0,1630.0,2318.0,3534.0
01101005604,895.0,1292.0,1630.0,2318.0,3455.0
01101005605,895.0,1292.0,1630.0,2318.0,3455.0
01101005606,895.0,1292.0,1630.0,2318.0,3455.0
01101005607,895.0,1292.0,1630.0,2318.0,3455.0
01101005608,895.0,1292.0,1630.0,2318.0,3455.0
01101005609,895.0,1292.0,1630.0,2318.0,3455.0
01101005610,895.0,1292.0,1630.0,2318.0,3455.0
01101005611,895.0,1292.0,1630.0,2318.0,3455.0
01101005612,895.0,1292.0,1630.0,2318.0,3455.0
01101005613,895.0,1292.0,1630.0,2318.0,3455.0
01101005614,895.0,1292.0,1630.0,2318.0,3455.0
01101005700,895.0,1292.0,1630.0,2318.0,3455.0
01101005800,895.0,1292.0,1630.0,2318.0,3455.0
01101005902,895.0,1292.0,1630.0,2318.0,3455.0
01101005903,895.0,1292.0,1630.0,2318.0,3455.0
01101005904,895.0,1292.0,1630.0,2318.0,3455.0
01101006000,895.0,1292.0,1630.0,2318.0,3455.0
01101006100,895.0,1292.0,1630.0,2318.0,3455.0
01103000100,1273.0,1510.0,2041.0,3415.0,3804.0
01103000200,1273.0,1510.0,2042.0,3415.0,3804.0
01103000300,1273.0,1510.0,2041.0,3415.0,3804.0
01103000400,1273.0,1510.0,2041.0,3415.0,3804.0
01103000600,1273.0,1510.0,2041.0,3415.0,3804.0
01103000700,1273.0,1510.0,2041.0,3415.0,3804.0
01103000800,1273.0,1510.0,2041.0,3415.0,3804.0
01103000900,1273.0,1510.0,2042.0,3415.0,3804.0
01103001000,1273.0,1510.0,2041.0,3415.0,3804.0
01103005101,1273.0,1510.0,2041.0,3415.0,3804.0
01103005103,1273.0,1510.0,2042.0,3415.0,3804.0
01103005105,1273.0,1510.0,2042.0,3415.0,3804.0
01103005106,1273.0,1510.0,2042.0,3415.0,3804.0
01103005107,1273.0,1510.0,2042.0,3415.0,3804.0
01103005108,1273.0,1510.0,2042.0,3415.0,3804.0
01103005109,1273.0,1510.0,2042.0,3415.0,3804.0
01103005201,1273.0,1510.0,2042.0,3415.0,3804.0
01103005202,1273.0,1510.0,2042.0,3415.0,3804.0
01103005302,1273.0,1510.0,2042.0,3415.0,3804.0
01103005303,1273.0,1510.0,2042.0,3415.0,3804.0
01103005304,1273.0,1510.0,2042.0,3415.0,3804.0
01103005305,1273.0,1510.0,2042.0,3415.0,3804.0
01103005306,1273.0,1510.0,2042.0,3415.0,3804.0
01103005404,1273.0,1510.0,2042.0,3415.0,3804.0
01103005405,1273.0,1510.0,2042.0,3415.0,3804.0
01103005500,1273.0,1510.0,2042.0,3415.0,3804.0
01103005601,1273.0,1510.0,2042.0,3415.0,3804.0
01103005602,1273.0,1510.0,2042.0,3415.0,3804.0
01103005701,1273.0,1510.0,2042.0,3415.0,3804.0
01103005703,1274.0,1510.0,2041.0,3414.0,3804.0
01103005704,1273.0,1510.0,2042.0,3414.0,3804.0
01105686800,1041.0,1469.0,1646.0,2519.0,3455.0
01105687001,1041.0,1469.0,1646.0,2519.0,3455.0
01105687002,1041.0,1469.0,1646.0,2519.0,3455.0
01105687100,1041.0,1469.0,1646.0,2519.0,3455.0
01107050000,1041.0,1470.0,2042.0,3415.0,3804.0
01107050100,1041.0,1470.0,2042.0,3415.0,3804.0
01107050200,1041.0,1470.0,2042.0,3415.0,3804.0
01107050300,1041.0,1470.0,1647.0,3415.0,3804.0
01107050401,1041.0,1470.0,1647.0,3415.0,3804.0
01107050402,1041.0,1470.0,1647.0,3415.0,3804.0
01109188600,895.0,1292.0,1631.0,2519.0,3455.0
01109188700,895.0,1292.0,1631.0,2519.0,3455.0
01109188800,895.0,1292.0,1631.0,2519.0,3455.0
01109188900,895.0,1292.0,1631.0,2519.0,3455.0
01109189001,895.0,1292.0,1631.0,2519.0,3455.0
01109189002,895.0,1292.0,1631.0,2519.0,3455.0
01109189003,895.0,1292.0,1631.0,2519.0,3455.0
01109189101,895.0,1292.0,1631.0,2519.0,3455.0
01109189102,895.0,1292.0,1631.0,2519.0,3455.0
01109189200,895.0,1292.0,1631.0,2519.0,3455.0
01109189300,895.0,1292.0,1631.0,2519.0,3455.0
01111000100,894.0,1509.0,1646.0,2319.0,3535.0
01111000200,894.0,1509.0,1630.0,2319.0,3535.0
01111000300,894.0,1509.0,1630.0,2319.0,3535.0
01111000400,894.0,1509.0,1630.0,2319.0,3535.0
01111000500,894.0,1509.0,1630.0,2319.0,3535.0
01111000600,894.0,1509.0,1630.0,2319.0,3535.0
01113030200,894.0,1509.0,1631.0,2319.0,3534.0
01113030300,894.0,1509.0,1631.0,2319.0,3534.0
01113030402,894.0,1509.0,1631.0,2319.0,3534.0
01113030403,894.0,1509.0,1631.0,2319.0,3534.0
01113030404,894.0,1509.0,1631.0,2319.0,3534.0
01113030500,894.0,1509.0,1631.0,2319.0,3534.0
01113030601,894.0,1509.0,1631.0,2319.0,3534.0
01113030602,894.0,1509.0,1631.0,2319.0,3534.0
01113030700,894.0,1509.0,1631.0,2319.0,3534.0
01113030800,894.0,1509.0,1631.0,2319.0,3534.0
01113030903,894.0,1509.0,1631.0,2319.0,3534.0
01113030904,894.0,1509.0,1631.0,2319.0,3534.0
01113030905,894.0,1509.0,1631.0,2319.0,3534.0
01113030906,894.0,1509.0,1631.0,2319.0,3534.0
01113030907,894.0,1509.0,1631.0,2319.0,3534.0
01113031000,894.0,1509.0,1631.0,2319.0,3534.0
01113031100,894.0,1509.0,1631.0,2318.0,3534.0
01113031200,894.0,1509.0,1631.0,2319.0,3534.0
01115040104,894.0,1283.0,2043.0,2319.0,3806.0
01115040105,894.0,1283.0,2043.0,2319.0,3806.0
01115040107,894.0,1283.0,2043.0,2319.0,3806.0
01115040108,894.0,1283.0,2043.0,2319.0,3806.0
01115040109,894.0,1283.0,2043.0,2319.0,3806.0
01115040110,894.0,1283.0,2043.0,2319.0,3806.0
01115040206,894.0,1283.0,2043.0,2319.0,3806.0
01115040207,894.0,1283.0,2043.0,2319.0,3806.0
01115040208,894.0,1283.0,2043.0,2319.0,3806.0
01115040209,894.0,1283.0,2043.0,2319.0,3806.0
01115040210,894.0,1283.0,2043.0,2319.0,3806.0
01115040211,894.0,1283.0,2043.0,2319.0,3806.0
01115040212,894.0,1283.0,2043.0,2319.0,3806.0
01115040213,894.0,1283.0,2043.0,2319.0,3806.0
01115040301,1273.0,1283.0,2043.0,2319.0,3806.0
01115040302,1273.0,1283.0,2043.0,2319.0,3806.0
01115040401,1273.0,1283.0,2043.0,2319.0,3806.0
01115040402,1273.0,1283.0,2043.0,2319.0,3806.0
01115040503,894.0,1283.0,2043.0,2319.0,3806.0
01115040504,894.0,1283.0,2043.0,2319.0,3806.0
01115040505,894.0,1283.0,2043.0,2319.0,3806.0
01115040506,894.0,1283.0,2043.0,2319.0,3806.0
01115040507,894.0,1283.0,2043.0,2319.0,3806.0
01115040508,894.0,1283.0,2043.0,2319.0,3806.0
01117030102,896.0,1283.0,1646.0,2318.0,3535.0
01117030103,896.0,1283.0,1646.0,2318.0,3535.0
01117030211,896.0,1283.0,1646.0,2318.0,3535.0
01117030212,896.0,1283.0,1647.0,2317.0,3535.0
01117030215,896.0,1283.0,1646.0,2318.0,3535.0
01117030216,896.0,1283.0,1646.0,2318.0,3535.0
01117030218,896.0,1283.0,1646.0,2318.0,3535.0
01117030219,895.0,1283.0,1646.0,2318.0,3535.0
01117030220,896.0,1283.0,1647.0,2318.0,3535.0
01117030221,896.0,1283.0,1647.0,2318.0,3535.0
01117030304,896.0,1283.0,1647.0,2317.0,3535.0
01117030305,896.0,1283.0,1647.0,2317.0,3535.0
01117030306,895.0,1283.0,1647.0,2317.0,3535.0
01117030314,896.0,1283.0,1647.0,2317.0,3535.0
01117030315,896.0,1283.0,1647.0,2317.0,3535.0
01117030316,896.0,1283.0,1647.0,2317.0,3535.0
01117030317,895.0,1283.0,1647.0,2317.0,3535.0
01117030319,895.0,1283.0,1647.0,2317.0,3535.0
01117030320,895.0,1283.0,1647.0,2317.0,3535.0
01117030330,896.0,1283.0,1647.0,2318.0,3535.0
01117030331,896.0,1283.0,1647.0,2317.0,3535.0
01117030336,896.0,1283.0,1647.0,2317.0,3534.0
01117030337,895.0,1283.0,1647.0,2317.0,3535.0
01117030340,895.0,1283.0,1647.0,2317.0,3535.0
01117030341,895.0,1283.0,1647.0,2317.0,3535.0
01117030345,895.0,1283.0,1647.0,2317.0,3535.0
01117030346,896.0,1283.0,1647.0,2317.0,3535.0
01117030347,896.0,1283.0,1647.0,2317.0,3535.0
01117030348,896.0,1283.0,1647.0,2318.0,3535.0
01117030349,896.0,1283.0,1646.0,2318.0,3535.0
01117030350,895.0,1283.0,1647.0,2317.0,3534.0
01117030351,895.0,1283.0,1647.0,2317.0,3534.0
01117030352,896.0,1283.0,1647.0,2317.0,3534.0
01117030405,895.0,1283.0,1647.0,2317.0,3535.0
01117030406,895.0,1283.0,1647.0,2318.0,3535.0
01117030407,895.0,1283.0,1647.0,2317.0,3535.0
01117030408,895.0,1283.0,1647.0,2317.0,3535.0
01117030502,895.0,1283.0,1646.0,2318.0,3535.0
01117030503,895.0,1283.0,1647.0,2318.0,3535.0
01117030504,895.0,1283.0,1647.0,2318.0,3535.0
01117030607,895.0,1283.0,1647.0,2317.0,3535.0
01117030610,895.0,1283.0,1647.0,2317.0,3535.0
01117030611,895.0,1283.0,1647.0,2317.0,3535.0
01117030612,895.0,1283.0,1647.0,2317.0,3535.0
01117030613,895.0,1283.0,1647.0,2318.0,3535.0
01117030614,895.0,1283.0,1646.0,2318.0,3535.0
01117030615,896.0,1283.0,1647.0,2318.0,3535.0
01117030616,895.0,1283.0,1647.0,2317.0,3535.0
01117030701,895.0,1283.0,1646.0,2318.0,3535.0
01117030703,895.0,1283.0,1646.0,2318.0,3535.0
01117030704,895.0,1283.0,1646.0,2318.0,3535.0
01117030800,895.0,1283.0,1646.0,2318.0,3535.0
01117030900,896.0,1283.0,1646.0,2318.0,3535.0
01117980000,896.0,1283.0,1647.0,2318.0,3535.0
01117980100,896.0,1283.0,1647.0,2318.0,3535.0
01119011301,1041.0,1470.0,1647.0,2518.0,3806.0
01119011302,1041.0,1470.0,1647.0,2518.0,3806.0
01119011400,1041.0,1470.0,1647.0,2518.0,3806.0
01119011500,1041.0,1470.0,1647.0,2518.0,3806.0
01119011600,1041.0,1470.0,1646.0,2518.0,3806.0
01121010101,894.0,1509.0,2043.0,2319.0,3535.0
01121010102,894.0,1509.0,2043.0,2319.0,3535.0
01121010201,894.0,1283.0,2043.0,2319.0,3806.0
01121010202,894.0,1283.0,2043.0,2319.0,3806.0
01121010301,894.0,1283.0,2043.0,2319.0,3535.0
01121010302,894.0,1283.0,2043.0,2319.0,3806.0
01121010400,894.0,1509.0,1646.0,2319.0,3535.0
01121010500,894.0,1283.0,2043.0,2319.0,3535.0
01121010600,894.0,1283.0,2043.0,2319.0,3535.0
01121010700,894.0,1283.0,1646.0,2319.0,3535.0
01121010900,894.0,1283.0,1646.0,2319.0,3535.0
01121011000,894.0,1283.0,1646.0,2319.0,3535.0
01121011100,894.0,1283.0,1646.0,2319.0,3535.0
01121011200,894.0,1283.0,1646.0,2319.0,3535.0
01121011301,894.0,1283.0,1646.0,2319.0,3535.0
01121011302,894.0,1283.0,1646.0,2319.0,3535.0
01121011400,894.0,1283.0,1646.0,2319.0,3535.0
01121011501,895.0,1283.0,1646.0,2319.0,3535.0
01121011502,894.0,1283.0,1646.0,2319.0,3535.0
01121011600,894.0,1283.0,1646.0,2319.0,3535.0
01121011700,894.0,1283.0,1646.0,2319.0,3535.0
01121011800,894.0,1283.0,1646.0,2319.0,3535.0
01121011900,894.0,1283.0,1646.0,2319.0,3535.0
01121012000,894.0,1283.0,1646.0,2319.0,3535.0
01123961900,894.0,1469.0,1630.0,2319.0,3535.0
01123962000,894.0,1469.0,1630.0,2319.0,3535.0
01123962100,894.0,1469.0,1630.0,2319.0,3535.0
01123962200,894.0,1469.0,1630.0,2319.0,3535.0
01123962301,894.0,1469.0,1630.0,2319.0,3535.0
01123962302,894.0,1469.0,1630.0,2319.0,3535.0
01123962400,894.0,1469.0,1630.0,2319.0,3535.0
01123962501,894.0,1469.0,1630.0,2319.0,3535.0
01123962502,894.0,1469.0,1630.0,2319.0,3535.0
01123962600,894.0,1469.0,1630.0,2319.0,3535.0
01123962701,894.0,1469.0,1630.0,2318.0,3535.0
01123962702,894.0,1469.0,1630.0,2318.0,3535.0
01125010101,1041.0,1470.0,1647.0,2519.0,3806.0
01125010102,1041.0,1470.0,2042.0,3415.0,3806.0
01125010104,1041.0,1470.0,2042.0,3415.0,3806.0
01125010105,1041.0,1470.0,2042.0,3415.0,3806.0
01125010201,1041.0,1470.0,2042.0,3415.0,3806.0
01125010203,1041.0,1470.0,1647.0,2518.0,3806.0
01125010204,1041.0,1470.0,1647.0,2518.0,3806.0
01125010205,1041.0,1470.0,1647.0,3415.0,3806.0
01125010206,1041.0,1470.0,1647.0,2518.0,3806.0
01125010302,1041.0,1470.0,1647.0,3415.0,3806.0
01125010303,1041.0,1470.0,1647.0,2518.0,3806.0
01125010304,1041.0,1470.0,1647.0,3415.0,3806.0
01125010305,1041.0,1470.0,1647.0,3415.0,3806.0
01125010403,1041.0,1470.0,1647.0,2518.0,3806.0
01125010404,1041.0,1470.0,1647.0,2518.0,3806.0
01125010405,1041.0,1470.0,1647.0,2518.0,3806.0
01125010406,1041.0,1470.0,1647.0,2518.0,3806.0
01125010407,1041.0,1470.0,1647.0,2518.0,3806.0
01125010500,1041.0,1470.0,1647.0,2519.0,3806.0
01125010601,895.0,1470.0,1647.0,2519.0,3806.0
01125010603,895.0,1470.0,1647.0,2317.0,3806.0
01125010604,895.0,1470.0,1647.0,2519.0,3806.0
01125010703,895.0,1470.0,1647.0,2519.0,3806.0
01125010704,1041.0,1470.0,1647.0,2518.0,3806.0
01125010705,1041.0,1470.0,1647.0,2518.0,3806.0
01125010706,1041.0,1470.0,1647.0,2518.0,3806.0
01125010707,1041.0,1470.0,1647.0,2518.0,3806.0
01125010802,1041.0,1470.0,1647.0,2518.0,3806.0
01125010803,1041.0,1470.0,1647.0,2518.0,3806.0
01125010804,1041.0,1470.0,1647.0,2518.0,3806.0
01125011200,1041.0,1470.0,1647.0,2518.0,3806.0
01125011401,1041.0,1470.0,1647.0,2518.0,3806.0
01125011402,1041.0,1470.0,1647.0,2518.0,3806.0
01125011600,1041.0,1470.0,1647.0,2518.0,3806.0
01125011701,1041.0,1470.0,1647.0,2518.0,3806.0
01125011703,1041.0,1470.0,1647.0,2518.0,3806.0
01125011800,1041.0,1470.0,1647.0,2518.0,3806.0
01125011901,1041.0,1470.0,1647.0,2518.0,3806.0
01125011902,1041.0,1470.0,1647.0,2518.0,3806.0
01125012001,1041.0,1470.0,1647.0,2518.0,3806.0
01125012002,1041.0,1470.0,1647.0,2518.0,3806.0
01125012101,1041.0,1470.0,1647.0,2518.0,3806.0
01125012102,1041.0,1470.0,1647.0,2518.0,3806.0
01125012304,1041.0,1470.0,1647.0,2518.0,3806.0
01125012305,1041.0,1470.0,1647.0,2518.0,3806.0
01125012306,1041.0,1470.0,1647.0,2518.0,3806.0
01125012307,1041.0,1470.0,1647.0,2518.0,3806.0
01125012403,1041.0,1470.0,1647.0,2518.0,3806.0
01125012404,1041.0,1470.0,1647.0,2518.0,3806.0
01125012406,1041.0,1470.0,1647.0,2518.0,3806.0
01125012407,1041.0,1470.0,1647.0,2518.0,3806.0
01125012408,1041.0,1470.0,1647.0,2518.0,3806.0
01125012501,1041.0,1470.0,1647.0,2518.0,3806.0
01125012503,1041.0,1470.0,1647.0,2518.0,3806.0
01125012504,1041.0,1470.0,1647.0,2518.0,3806.0
01125012505,1041.0,1470.0,1647.0,2518.0,3806.0
01125012600,1041.0,1470.0,1647.0,2518.0,3806.0
01125012700,1041.0,1470.0,1647.0,2518.0,3806.0
01125012800,1041.0,1470.0,1647.0,2518.0,3806.0
01127020100,1041.0,1470.0,2042.0,3415.0,3804.0
01127020200,1041.0,1470.0,2042.0,3415.0,3804.0
01127020301,1041.0,1470.0,2042.0,3415.0,3804.0
01127020302,1041.0,1470.0,2042.0,3415.0,3804.0
01127020400,1041.0,1470.0,2042.0,3415.0,3806.0
01127020600,1041.0,1470.0,2042.0,3415.0,3804.0
01127020700,1041.0,1470.0,2042.0,3415.0,3804.0
01127020801,1041.0,1469.0,2042.0,3415.0,3804.0
01127020802,1041.0,1470.0,2042.0,3415.0,3804.0
01127020900,1041.0,1470.0,2042.0,3415.0,3804.0
01127021000,1041.0,1470.0,2042.0,3415.0,3804.0
01127021100,1041.0,1470.0,2042.0,3415.0,3804.0
01127021200,1041.0,1470.0,2042.0,3415.0,3804.0
01127021300,1041.0,1470.0,2042.0,3415.0,3806.0
01127021400,1041.0,1470.0,2042.0,3415.0,3806.0
01127021500,1041.0,1470.0,2042.0,3415.0,3806.0
01127021600,1041.0,1470.0,2042.0,3415.0,3806.0
01127021700,1041.0,1470.0,2042.0,3415.0,3806.0
01127021800,1041.0,1469.0,2042.0,3415.0,3806.0
01127021900,894.0,1469.0,2042.0,3415.0,3806.0
01129043900,1041.0,1284.0,1646.0,2518.0,3455.0
01129044000,1042.0,1284.0,1646.0,2518.0,3455.0
01129044100,1042.0,1284.0,1646.0,2518.0,3455.0
01129044200,1042.0,1284.0,1646.0,2518.0,3455.0
01129044300,1042.0,1284.0,1646.0,2518.0,3455.0
01131034700,1041.0,1469.0,1646.0,2518.0,3455.0
01131034801,1041.0,1292.0,1646.0,2518.0,3455.0
01131034802,1041.0,1292.0,1646.0,2519.0,3455.0
01131035100,1041.0,1292.0,1646.0,2518.0,3455.0
01131035200,1041.0,1292.0,1630.0,2519.0,3455.0
01133965501,1273.0,1470.0,2042.0,3415.0,3804.0
01133965502,1041.0,1470.0,2042.0,3415.0,3804.0
01133965503,1273.0,1470.0,2042.0,3415.0,3804.0
01133965601,1041.0,1470.0,2042.0,3415.0,3804.0
01133965602,1041.0,1470.0,2042.0,3415.0,3804.0
01133965700,1041.0,1470.0,2042.0,3415.0,3804.0
01133965800,1041.0,1470.0,2042.0,3415.0,3804.0
01133965900,1041.0,1470.0,2042.0,3415.0,3804.0
